2025-07-01 13:54:06,608 [AWT-EventQueue-0] INFO : check before start elab
2025-07-01 13:54:06,611 [AWT-EventQueue-0] INFO : Selezione File: OK
2025-07-01 13:54:06,611 [AWT-EventQueue-0] INFO : Controllo estensione: OK
2025-07-01 13:54:06,611 [AWT-EventQueue-0] INFO : Inizio elaborazione
2025-07-01 13:54:06,690 [AWT-EventQueue-0] INFO : Caricamento XML
2025-07-01 13:54:06,726 [AWT-EventQueue-0] INFO : Avvio parsing multi-thread con 2 thread
2025-07-01 13:54:06,730 [pool-2-thread-1] INFO : Thread pool-2-thread-1 → componente 1/1
2025-07-01 13:54:11,789 [pool-2-thread-1] INFO : analisi item: 3001 per store: BunteSteinewelt
2025-07-01 13:54:31,199 [pool-2-thread-1] WARN : ⚠️ Nessun articolo trovato nello store BunteSteinewelt per item 3001
2025-07-01 13:54:34,965 [pool-2-thread-1] INFO : analisi item: 3001 per store: brickina
2025-07-01 13:54:37,399 [pool-2-thread-1] INFO : analisi item: 3001 per store: nice_stock
2025-07-01 13:54:54,088 [pool-2-thread-1] WARN : ⚠️ Nessun articolo trovato nello store nice_stock per item 3001
2025-07-01 13:54:54,268 [AWT-EventQueue-0] INFO : creazione file csv
2025-07-01 13:54:54,279 [AWT-EventQueue-0] INFO : File Csv creato correttamente
2025-07-01 14:05:16,587 [AWT-EventQueue-0] INFO : check before start elab
2025-07-01 14:05:16,587 [AWT-EventQueue-0] INFO : Selezione File: OK
2025-07-01 14:05:16,587 [AWT-EventQueue-0] INFO : Controllo estensione: OK
2025-07-01 14:05:16,588 [AWT-EventQueue-0] INFO : Inizio elaborazione
2025-07-01 14:05:16,602 [AWT-EventQueue-0] INFO : Caricamento XML
2025-07-01 14:05:16,611 [AWT-EventQueue-0] INFO : Avvio parsing multi-thread con 2 thread
2025-07-01 14:05:16,612 [pool-3-thread-1] INFO : Thread pool-3-thread-1 → componente 1/1
2025-07-01 14:05:22,722 [pool-3-thread-1] INFO : analisi item: 3006 per store: BunteSteinewelt
2025-07-01 14:05:29,250 [pool-3-thread-1] INFO : analisi item: 3006 per store: brickina
2025-07-01 14:05:34,152 [pool-3-thread-1] INFO : analisi item: 3006 per store: nice_stock
2025-07-01 14:05:50,846 [pool-3-thread-1] WARN : ⚠️ Nessun articolo trovato nello store nice_stock per item 3006
2025-07-01 14:05:57,492 [pool-3-thread-1] INFO : analisi item: 3006 per store: fobya71
2025-07-01 14:05:58,977 [AWT-EventQueue-0] INFO : creazione file csv
2025-07-01 14:05:58,978 [AWT-EventQueue-0] INFO : File Csv creato correttamente
2025-07-01 14:08:34,467 [AWT-EventQueue-0] INFO : check before start elab
2025-07-01 14:08:34,469 [AWT-EventQueue-0] INFO : Selezione File: OK
2025-07-01 14:08:34,469 [AWT-EventQueue-0] INFO : Controllo estensione: OK
2025-07-01 14:08:34,469 [AWT-EventQueue-0] INFO : Inizio elaborazione
2025-07-01 14:08:34,549 [AWT-EventQueue-0] INFO : creazione file csv
2025-07-01 14:08:34,559 [AWT-EventQueue-0] INFO : File Csv creato correttamente
2025-07-01 14:14:11,259 [AWT-EventQueue-0] INFO : check before start elab
2025-07-01 14:14:11,260 [AWT-EventQueue-0] INFO : Selezione File: OK
2025-07-01 14:14:11,260 [AWT-EventQueue-0] INFO : Controllo estensione: OK
2025-07-01 14:14:11,261 [AWT-EventQueue-0] INFO : Inizio elaborazione
2025-07-01 14:14:11,332 [AWT-EventQueue-0] INFO : Caricamento XML
2025-07-01 14:14:11,367 [AWT-EventQueue-0] INFO : Avvio parsing multi-thread con 2 thread
2025-07-01 14:14:11,370 [pool-2-thread-1] INFO : Thread pool-2-thread-1 → componente 1/1
2025-07-01 14:14:22,927 [pool-2-thread-1] INFO : analisi item: 6190 per store: BunteSteinewelt
2025-07-01 14:14:29,412 [pool-2-thread-1] INFO : analisi item: 6190 per store: brickina
2025-07-01 14:14:37,134 [pool-2-thread-1] INFO : analisi item: 6190 per store: nice_stock
2025-07-01 14:14:53,888 [pool-2-thread-1] WARN : ⚠️ Nessun articolo trovato nello store nice_stock per item 6190
2025-07-01 14:14:59,683 [pool-2-thread-1] INFO : analisi item: 6190 per store: fobya71
2025-07-01 14:15:18,774 [pool-2-thread-1] WARN : ⚠️ Nessun articolo trovato nello store fobya71 per item 6190
2025-07-01 14:15:18,954 [AWT-EventQueue-0] INFO : creazione file csv
2025-07-01 14:15:18,965 [AWT-EventQueue-0] INFO : File Csv creato correttamente
2025-07-01 14:19:04,215 [AWT-EventQueue-0] INFO : check before start elab
2025-07-01 14:19:04,215 [AWT-EventQueue-0] INFO : Selezione File: OK
2025-07-01 14:19:04,215 [AWT-EventQueue-0] INFO : Controllo estensione: OK
2025-07-01 14:19:04,216 [AWT-EventQueue-0] INFO : Inizio elaborazione
2025-07-01 14:19:04,216 [AWT-EventQueue-0] INFO : Caricamento XML
2025-07-01 14:19:04,220 [AWT-EventQueue-0] INFO : Avvio parsing multi-thread con 2 thread
2025-07-01 14:19:04,220 [pool-3-thread-1] INFO : Thread pool-3-thread-1 → componente 1/8
2025-07-01 14:19:04,220 [pool-3-thread-2] INFO : Thread pool-3-thread-2 → componente 2/8
2025-07-01 14:19:07,335 [pool-3-thread-1] INFO : analisi item: 6190 per store: BunteSteinewelt
2025-07-01 14:19:11,332 [pool-3-thread-2] INFO : analisi item: 32828 per store: BunteSteinewelt
2025-07-01 14:19:16,625 [pool-3-thread-1] INFO : analisi item: 6190 per store: brickina
2025-07-01 14:19:20,086 [pool-3-thread-1] INFO : Thread pool-3-thread-1 → componente 3/8
2025-07-01 14:19:24,803 [pool-3-thread-2] INFO : analisi item: 32828 per store: brickina
2025-07-01 14:19:26,124 [pool-3-thread-1] INFO : analisi item: 48729b per store: BunteSteinewelt
2025-07-01 14:19:27,834 [pool-3-thread-2] INFO : Thread pool-3-thread-2 → componente 4/8
2025-07-01 14:19:32,895 [pool-3-thread-1] INFO : analisi item: 48729b per store: brickina
2025-07-01 14:19:35,401 [pool-3-thread-1] INFO : Thread pool-3-thread-1 → componente 5/8
2025-07-01 14:19:39,018 [pool-3-thread-2] INFO : analisi item: 30374 per store: BunteSteinewelt
2025-07-01 14:19:42,131 [pool-3-thread-1] INFO : analisi item: 63965 per store: BunteSteinewelt
2025-07-01 14:19:43,685 [pool-3-thread-2] INFO : analisi item: 30374 per store: brickina
2025-07-01 14:19:45,163 [pool-3-thread-2] INFO : Thread pool-3-thread-2 → componente 6/8
2025-07-01 14:19:48,599 [pool-3-thread-1] INFO : analisi item: 63965 per store: brickina
2025-07-01 14:19:50,996 [pool-3-thread-2] INFO : analisi item: 23443 per store: BunteSteinewelt
2025-07-01 14:19:51,045 [pool-3-thread-1] INFO : Thread pool-3-thread-1 → componente 7/8
2025-07-01 14:19:58,588 [pool-3-thread-2] INFO : analisi item: 23443 per store: brickina
2025-07-01 14:20:00,105 [pool-3-thread-1] INFO : analisi item: 73825 per store: BunteSteinewelt
2025-07-01 14:20:01,415 [pool-3-thread-2] INFO : Thread pool-3-thread-2 → componente 8/8
2025-07-01 14:20:09,794 [pool-3-thread-1] INFO : analisi item: 73825 per store: brickina
2025-07-01 14:20:09,797 [pool-3-thread-2] INFO : analisi item: 99780 per store: BunteSteinewelt
2025-07-01 14:20:40,534 [pool-3-thread-2] WARN : ⚠️ Nessun articolo trovato nello store BunteSteinewelt per item 99780
2025-07-01 14:20:44,154 [pool-3-thread-2] INFO : analisi item: 99780 per store: brickina
2025-07-01 14:20:48,974 [AWT-EventQueue-0] INFO : creazione file csv
2025-07-01 14:20:48,974 [AWT-EventQueue-0] INFO : File Csv creato correttamente
2025-07-01 14:26:33,410 [AWT-EventQueue-0] INFO : check before start elab
2025-07-01 14:26:33,410 [AWT-EventQueue-0] INFO : Selezione File: OK
2025-07-01 14:26:33,410 [AWT-EventQueue-0] INFO : Controllo estensione: OK
2025-07-01 14:26:33,411 [AWT-EventQueue-0] INFO : Inizio elaborazione
2025-07-01 14:26:33,426 [AWT-EventQueue-0] INFO : Caricamento XML
2025-07-01 14:26:33,435 [AWT-EventQueue-0] INFO : Avvio parsing multi-thread con 2 thread
2025-07-01 14:26:33,435 [pool-4-thread-1] INFO : Thread pool-4-thread-1 → componente 1/8
2025-07-01 14:26:33,435 [pool-4-thread-2] INFO : Thread pool-4-thread-2 → componente 2/8
2025-07-01 14:26:42,585 [pool-4-thread-2] INFO : analisi item: 32828 per store: brickina
2025-07-01 14:26:47,934 [pool-4-thread-1] INFO : analisi item: 6190 per store: brickina
2025-07-01 14:26:50,355 [pool-4-thread-2] INFO : analisi item: 32828 per store: BunteSteinewelt
2025-07-01 14:26:51,569 [pool-4-thread-2] INFO : Thread pool-4-thread-2 → componente 3/8
2025-07-01 14:26:58,941 [pool-4-thread-1] INFO : analisi item: 6190 per store: BunteSteinewelt
2025-07-01 14:27:00,599 [pool-4-thread-1] INFO : Thread pool-4-thread-1 → componente 4/8
2025-07-01 14:27:02,175 [pool-4-thread-2] INFO : analisi item: 48729b per store: brickina
2025-07-01 14:27:02,526 [pool-4-thread-1] INFO : analisi item: 30374 per store: brickina
2025-07-01 14:27:11,127 [pool-4-thread-1] INFO : analisi item: 30374 per store: BunteSteinewelt
2025-07-01 14:27:12,226 [pool-4-thread-1] INFO : Thread pool-4-thread-1 → componente 5/8
2025-07-01 14:27:13,158 [pool-4-thread-2] INFO : analisi item: 48729b per store: BunteSteinewelt
2025-07-01 14:27:14,381 [pool-4-thread-2] INFO : Thread pool-4-thread-2 → componente 6/8
2025-07-01 14:27:19,054 [pool-4-thread-1] INFO : analisi item: 63965 per store: brickina
2025-07-01 14:27:24,417 [pool-4-thread-2] INFO : analisi item: 23443 per store: brickina
2025-07-01 14:27:27,363 [pool-4-thread-1] INFO : analisi item: 63965 per store: BunteSteinewelt
2025-07-01 14:27:28,765 [pool-4-thread-1] INFO : Thread pool-4-thread-1 → componente 7/8
2025-07-01 14:27:32,291 [pool-4-thread-2] INFO : analisi item: 23443 per store: BunteSteinewelt
2025-07-01 14:27:33,435 [pool-4-thread-2] INFO : Thread pool-4-thread-2 → componente 8/8
2025-07-01 14:27:37,488 [pool-4-thread-1] INFO : analisi item: 73825 per store: brickina
2025-07-01 14:27:45,355 [pool-4-thread-2] INFO : analisi item: 99780 per store: brickina
2025-07-01 14:27:49,403 [pool-4-thread-1] INFO : analisi item: 73825 per store: BunteSteinewelt
2025-07-01 14:27:57,192 [pool-4-thread-2] INFO : analisi item: 99780 per store: BunteSteinewelt
2025-07-01 14:28:13,373 [pool-4-thread-2] WARN : ⚠️ Nessun articolo trovato nello store BunteSteinewelt per item 99780
2025-07-01 14:28:13,516 [AWT-EventQueue-0] INFO : creazione file csv
2025-07-01 14:28:13,517 [AWT-EventQueue-0] INFO : File Csv creato correttamente
2025-07-01 14:31:06,911 [AWT-EventQueue-0] INFO : check before start elab
2025-07-01 14:31:06,912 [AWT-EventQueue-0] INFO : Selezione File: OK
2025-07-01 14:31:06,912 [AWT-EventQueue-0] INFO : Controllo estensione: OK
2025-07-01 14:31:06,912 [AWT-EventQueue-0] INFO : Inizio elaborazione
2025-07-01 14:31:06,921 [AWT-EventQueue-0] INFO : Caricamento XML
2025-07-01 14:31:06,930 [AWT-EventQueue-0] INFO : Avvio parsing multi-thread con 2 thread
2025-07-01 14:31:06,931 [pool-5-thread-1] INFO : Thread pool-5-thread-1 → componente 1/9
2025-07-01 14:31:06,931 [pool-5-thread-2] INFO : Thread pool-5-thread-2 → componente 2/9
2025-07-01 14:31:13,271 [pool-5-thread-1] INFO : analisi item: 6190 per store: brickina
2025-07-01 14:31:14,772 [pool-5-thread-2] INFO : analisi item: 32828 per store: brickina
2025-07-01 14:31:21,158 [pool-5-thread-2] INFO : analisi item: 32828 per store: BunteSteinewelt
2025-07-01 14:31:22,792 [pool-5-thread-2] INFO : Thread pool-5-thread-2 → componente 3/9
2025-07-01 14:31:29,851 [pool-5-thread-1] INFO : analisi item: 6190 per store: BunteSteinewelt
2025-07-01 14:31:30,982 [pool-5-thread-1] INFO : Thread pool-5-thread-1 → componente 4/9
2025-07-01 14:31:33,105 [pool-5-thread-2] INFO : analisi item: 48729b per store: brickina
2025-07-01 14:31:37,620 [pool-5-thread-1] INFO : analisi item: 30374 per store: brickina
2025-07-01 14:31:41,496 [pool-5-thread-2] INFO : analisi item: 48729b per store: BunteSteinewelt
2025-07-01 14:31:42,834 [pool-5-thread-2] INFO : Thread pool-5-thread-2 → componente 5/9
2025-07-01 14:31:44,954 [pool-5-thread-1] INFO : analisi item: 30374 per store: BunteSteinewelt
2025-07-01 14:31:47,285 [pool-5-thread-1] INFO : Thread pool-5-thread-1 → componente 6/9
2025-07-01 14:31:52,958 [pool-5-thread-2] INFO : analisi item: 63965 per store: brickina
2025-07-01 14:31:57,121 [pool-5-thread-1] INFO : analisi item: 23443 per store: brickina
2025-07-01 14:32:00,437 [pool-5-thread-2] INFO : analisi item: 63965 per store: BunteSteinewelt
2025-07-01 14:32:01,513 [pool-5-thread-2] INFO : Thread pool-5-thread-2 → componente 7/9
2025-07-01 14:32:04,573 [pool-5-thread-1] INFO : analisi item: 23443 per store: BunteSteinewelt
2025-07-01 14:32:05,842 [pool-5-thread-1] INFO : Thread pool-5-thread-1 → componente 8/9
2025-07-01 14:32:08,998 [pool-5-thread-2] INFO : analisi item: 3001 per store: brickina
2025-07-01 14:32:13,614 [pool-5-thread-1] INFO : analisi item: 73825 per store: brickina
2025-07-01 14:32:15,030 [pool-5-thread-2] INFO : analisi item: 3001 per store: BunteSteinewelt
2025-07-01 14:32:26,616 [pool-5-thread-1] INFO : analisi item: 73825 per store: BunteSteinewelt
2025-07-01 14:32:28,280 [pool-5-thread-1] INFO : Thread pool-5-thread-1 → componente 9/9
2025-07-01 14:32:31,263 [pool-5-thread-2] WARN : ⚠️ Nessun articolo trovato nello store BunteSteinewelt per item 3001
2025-07-01 14:32:33,607 [pool-5-thread-1] INFO : analisi item: 99780 per store: brickina
2025-07-01 14:32:39,401 [pool-5-thread-1] INFO : analisi item: 99780 per store: BunteSteinewelt
2025-07-01 14:32:55,590 [pool-5-thread-1] WARN : ⚠️ Nessun articolo trovato nello store BunteSteinewelt per item 99780
2025-07-01 14:32:55,714 [AWT-EventQueue-0] INFO : creazione file csv
2025-07-01 14:32:55,714 [AWT-EventQueue-0] INFO : File Csv creato correttamente
2025-07-01 14:34:09,123 [AWT-EventQueue-0] INFO : check before start elab
2025-07-01 14:34:09,126 [AWT-EventQueue-0] INFO : Selezione File: OK
2025-07-01 14:34:09,126 [AWT-EventQueue-0] INFO : Controllo estensione: OK
2025-07-01 14:34:09,126 [AWT-EventQueue-0] INFO : Inizio elaborazione
2025-07-01 14:34:09,193 [AWT-EventQueue-0] INFO : Caricamento XML
2025-07-01 14:34:09,221 [AWT-EventQueue-0] INFO : Avvio parsing multi-thread con 2 thread
2025-07-01 14:34:09,226 [pool-2-thread-1] INFO : Thread pool-2-thread-1 → componente 1/9
2025-07-01 14:34:09,226 [pool-2-thread-2] INFO : Thread pool-2-thread-2 → componente 2/9
2025-07-01 14:34:23,203 [pool-2-thread-1] INFO : analisi item: 6190 per store: brickina
2025-07-01 14:34:23,203 [pool-2-thread-2] INFO : analisi item: 3001 per store: brickina
2025-07-01 14:34:32,276 [pool-2-thread-1] INFO : analisi item: 6190 per store: BunteSteinewelt
2025-07-01 14:34:33,914 [pool-2-thread-1] INFO : Thread pool-2-thread-1 → componente 3/9
2025-07-01 14:34:34,393 [pool-2-thread-2] INFO : analisi item: 3001 per store: BunteSteinewelt
2025-07-01 14:34:47,649 [pool-2-thread-1] INFO : analisi item: 32828 per store: brickina
2025-07-01 14:34:50,540 [pool-2-thread-2] WARN : ⚠️ Nessun articolo trovato nello store BunteSteinewelt per item 3001
2025-07-01 14:34:50,689 [pool-2-thread-2] INFO : Thread pool-2-thread-2 → componente 4/9
2025-07-01 14:34:58,862 [pool-2-thread-1] INFO : analisi item: 32828 per store: BunteSteinewelt
2025-07-01 14:35:00,197 [pool-2-thread-1] INFO : Thread pool-2-thread-1 → componente 5/9
2025-07-01 14:35:01,973 [pool-2-thread-2] INFO : analisi item: 48729b per store: brickina
2025-07-01 14:35:06,400 [pool-2-thread-1] INFO : analisi item: 30374 per store: brickina
2025-07-01 14:35:09,836 [pool-2-thread-2] INFO : analisi item: 48729b per store: BunteSteinewelt
2025-07-01 14:35:10,990 [pool-2-thread-2] INFO : Thread pool-2-thread-2 → componente 6/9
2025-07-01 14:35:13,424 [pool-2-thread-1] INFO : analisi item: 30374 per store: BunteSteinewelt
2025-07-01 14:35:14,711 [pool-2-thread-1] INFO : Thread pool-2-thread-1 → componente 7/9
2025-07-01 14:35:20,990 [pool-2-thread-2] INFO : analisi item: 63965 per store: brickina
2025-07-01 14:35:22,269 [pool-2-thread-1] INFO : analisi item: 23443 per store: brickina
2025-07-01 14:35:27,744 [pool-2-thread-2] INFO : analisi item: 63965 per store: BunteSteinewelt
2025-07-01 14:35:29,121 [pool-2-thread-2] INFO : Thread pool-2-thread-2 → componente 8/9
2025-07-01 14:35:32,456 [pool-2-thread-1] INFO : analisi item: 23443 per store: BunteSteinewelt
2025-07-01 14:35:34,089 [pool-2-thread-1] INFO : Thread pool-2-thread-1 → componente 9/9
2025-07-01 14:35:34,719 [pool-2-thread-2] INFO : analisi item: 73825 per store: brickina
2025-07-01 14:35:43,429 [pool-2-thread-1] INFO : analisi item: 99780 per store: brickina
2025-07-01 14:35:48,358 [pool-2-thread-1] INFO : analisi item: 99780 per store: BunteSteinewelt
2025-07-01 14:36:06,949 [pool-2-thread-1] WARN : ⚠️ Nessun articolo trovato nello store BunteSteinewelt per item 99780
2025-07-01 14:36:07,357 [pool-2-thread-2] INFO : analisi item: 73825 per store: BunteSteinewelt
2025-07-01 14:36:18,771 [AWT-EventQueue-0] INFO : creazione file csv
2025-07-01 14:36:18,783 [AWT-EventQueue-0] INFO : File Csv creato correttamente
2025-07-01 15:16:21,573 [AWT-EventQueue-0] INFO : check before start elab
2025-07-01 15:16:21,573 [AWT-EventQueue-0] INFO : Selezione File: OK
2025-07-01 15:16:21,573 [AWT-EventQueue-0] INFO : Controllo estensione: OK
2025-07-01 15:16:21,573 [AWT-EventQueue-0] INFO : Inizio elaborazione
2025-07-01 15:16:21,588 [AWT-EventQueue-0] INFO : Caricamento XML
2025-07-01 15:16:21,597 [AWT-EventQueue-0] INFO : Avvio parsing multi-thread con 2 thread
2025-07-01 15:16:21,598 [pool-4-thread-2] INFO : Thread pool-4-thread-2 → componente 2/9
2025-07-01 15:16:21,598 [pool-4-thread-1] INFO : Thread pool-4-thread-1 → componente 1/9
2025-07-01 15:16:32,802 [pool-4-thread-2] INFO : analisi item: 3001 per store: brickina
2025-07-01 15:16:33,636 [pool-4-thread-1] INFO : analisi item: 6190 per store: brickina
2025-07-01 15:16:41,200 [pool-4-thread-1] INFO : analisi item: 6190 per store: BunteSteinewelt
2025-07-01 15:16:42,059 [pool-4-thread-2] INFO : analisi item: 3001 per store: BunteSteinewelt
2025-07-01 15:16:43,215 [pool-4-thread-1] INFO : Thread pool-4-thread-1 → componente 3/9
2025-07-01 15:16:54,093 [pool-4-thread-1] INFO : analisi item: 32828 per store: brickina
2025-07-01 15:16:58,506 [pool-4-thread-2] WARN : ⚠️ Nessun articolo trovato nello store BunteSteinewelt per item 3001
2025-07-01 15:16:58,645 [pool-4-thread-2] INFO : Thread pool-4-thread-2 → componente 4/9
2025-07-01 15:17:06,011 [pool-4-thread-2] INFO : analisi item: 48729b per store: brickina
2025-07-01 15:17:07,343 [pool-4-thread-1] INFO : analisi item: 32828 per store: BunteSteinewelt
2025-07-01 15:17:08,671 [pool-4-thread-1] INFO : Thread pool-4-thread-1 → componente 5/9
2025-07-01 15:17:14,382 [pool-4-thread-2] INFO : analisi item: 48729b per store: BunteSteinewelt
2025-07-01 15:17:15,590 [pool-4-thread-2] INFO : Thread pool-4-thread-2 → componente 6/9
2025-07-01 15:17:15,853 [pool-4-thread-1] INFO : analisi item: 30374 per store: brickina
2025-07-01 15:17:25,094 [pool-4-thread-2] INFO : analisi item: 63965 per store: brickina
2025-07-01 15:17:26,500 [pool-4-thread-1] INFO : analisi item: 30374 per store: BunteSteinewelt
2025-07-01 15:17:27,859 [pool-4-thread-1] INFO : Thread pool-4-thread-1 → componente 7/9
2025-07-01 15:17:36,841 [pool-4-thread-2] INFO : analisi item: 63965 per store: BunteSteinewelt
2025-07-01 15:17:37,952 [pool-4-thread-2] INFO : Thread pool-4-thread-2 → componente 8/9
2025-07-01 15:17:38,696 [pool-4-thread-1] INFO : analisi item: 23443 per store: brickina
2025-07-01 15:17:41,270 [pool-4-thread-2] INFO : analisi item: 73825 per store: brickina
2025-07-01 15:17:50,296 [pool-4-thread-1] INFO : analisi item: 23443 per store: BunteSteinewelt
2025-07-01 15:17:51,557 [pool-4-thread-1] INFO : Thread pool-4-thread-1 → componente 9/9
2025-07-01 15:17:54,054 [pool-4-thread-2] INFO : analisi item: 73825 per store: BunteSteinewelt
2025-07-01 15:18:00,830 [pool-4-thread-1] INFO : analisi item: 99780 per store: brickina
2025-07-01 15:18:10,542 [pool-4-thread-1] INFO : analisi item: 99780 per store: BunteSteinewelt
2025-07-01 15:18:26,683 [pool-4-thread-1] WARN : ⚠️ Nessun articolo trovato nello store BunteSteinewelt per item 99780
2025-07-01 15:18:26,806 [AWT-EventQueue-0] ERROR: Errore nella lettura del file C:\Tmp\sellerPref.txt
java.io.FileNotFoundException: C:\Tmp\sellerPref.txt (Impossibile trovare il file specificato)
	at java.base/java.io.FileInputStream.open0(Native Method)
	at java.base/java.io.FileInputStream.open(FileInputStream.java:213)
	at java.base/java.io.FileInputStream.<init>(FileInputStream.java:152)
	at java.base/java.io.FileInputStream.<init>(FileInputStream.java:106)
	at BL.sellerPreferClass.loadSellerPreferList(sellerPreferClass.java:30)
	at BL.sellerPreferClass.<init>(sellerPreferClass.java:22)
	at BL.AnalisiPrezzi.<init>(AnalisiPrezzi.java:25)
	at BL.BricklinkParser.run(BricklinkParser.java:131)
	at BL.BricklinkParser.<init>(BricklinkParser.java:63)
	at InputPanel.elabora(InputPanel.java:347)
	at InputPanel$8.actionPerformed(InputPanel.java:257)
	at java.desktop/javax.swing.AbstractButton.fireActionPerformed(AbstractButton.java:1972)
	at java.desktop/javax.swing.AbstractButton$Handler.actionPerformed(AbstractButton.java:2314)
	at java.desktop/javax.swing.DefaultButtonModel.fireActionPerformed(DefaultButtonModel.java:407)
	at java.desktop/javax.swing.DefaultButtonModel.setPressed(DefaultButtonModel.java:262)
	at java.desktop/javax.swing.plaf.basic.BasicButtonListener.mouseReleased(BasicButtonListener.java:279)
	at java.desktop/java.awt.Component.processMouseEvent(Component.java:6621)
	at java.desktop/javax.swing.JComponent.processMouseEvent(JComponent.java:3398)
	at java.desktop/java.awt.Component.processEvent(Component.java:6386)
	at java.desktop/java.awt.Container.processEvent(Container.java:2266)
	at java.desktop/java.awt.Component.dispatchEventImpl(Component.java:4996)
	at java.desktop/java.awt.Container.dispatchEventImpl(Container.java:2324)
	at java.desktop/java.awt.Component.dispatchEvent(Component.java:4828)
	at java.desktop/java.awt.LightweightDispatcher.retargetMouseEvent(Container.java:4948)
	at java.desktop/java.awt.LightweightDispatcher.processMouseEvent(Container.java:4575)
	at java.desktop/java.awt.LightweightDispatcher.dispatchEvent(Container.java:4516)
	at java.desktop/java.awt.Container.dispatchEventImpl(Container.java:2310)
	at java.desktop/java.awt.Window.dispatchEventImpl(Window.java:2780)
	at java.desktop/java.awt.Component.dispatchEvent(Component.java:4828)
	at java.desktop/java.awt.EventQueue.dispatchEventImpl(EventQueue.java:775)
	at java.desktop/java.awt.EventQueue$4.run(EventQueue.java:720)
	at java.desktop/java.awt.EventQueue$4.run(EventQueue.java:714)
	at java.base/java.security.AccessController.doPrivileged(AccessController.java:400)
	at java.base/java.security.ProtectionDomain$JavaSecurityAccessImpl.doIntersectionPrivilege(ProtectionDomain.java:87)
	at java.base/java.security.ProtectionDomain$JavaSecurityAccessImpl.doIntersectionPrivilege(ProtectionDomain.java:98)
	at java.desktop/java.awt.EventQueue$5.run(EventQueue.java:747)
	at java.desktop/java.awt.EventQueue$5.run(EventQueue.java:745)
	at java.base/java.security.AccessController.doPrivileged(AccessController.java:400)
	at java.base/java.security.ProtectionDomain$JavaSecurityAccessImpl.doIntersectionPrivilege(ProtectionDomain.java:87)
	at java.desktop/java.awt.EventQueue.dispatchEvent(EventQueue.java:744)
	at java.desktop/java.awt.EventDispatchThread.pumpOneEventForFilters(EventDispatchThread.java:203)
	at java.desktop/java.awt.EventDispatchThread.pumpEventsForFilter(EventDispatchThread.java:124)
	at java.desktop/java.awt.EventDispatchThread.pumpEventsForHierarchy(EventDispatchThread.java:113)
	at java.desktop/java.awt.EventDispatchThread.pumpEvents(EventDispatchThread.java:109)
	at java.desktop/java.awt.EventDispatchThread.pumpEvents(EventDispatchThread.java:101)
	at java.desktop/java.awt.EventDispatchThread.run(EventDispatchThread.java:90)
2025-07-01 15:18:26,813 [AWT-EventQueue-0] INFO : creazione file csv
2025-07-01 15:18:26,813 [AWT-EventQueue-0] INFO : File Csv creato correttamente
2025-07-01 15:19:55,099 [AWT-EventQueue-0] INFO : check before start elab
2025-07-01 15:19:55,101 [AWT-EventQueue-0] INFO : Selezione File: OK
2025-07-01 15:19:55,101 [AWT-EventQueue-0] INFO : Controllo estensione: OK
2025-07-01 15:19:55,101 [AWT-EventQueue-0] INFO : Inizio elaborazione
2025-07-01 15:19:55,166 [AWT-EventQueue-0] INFO : Caricamento XML
2025-07-01 15:19:55,193 [AWT-EventQueue-0] INFO : Avvio parsing multi-thread con 2 thread
2025-07-01 15:19:55,198 [pool-2-thread-1] INFO : Thread pool-2-thread-1 → componente 1/9
2025-07-01 15:19:55,198 [pool-2-thread-2] INFO : Thread pool-2-thread-2 → componente 2/9
2025-07-01 15:20:00,687 [pool-2-thread-1] INFO : analisi item: 6190 per store: brickina
2025-07-01 15:20:00,688 [pool-2-thread-2] INFO : analisi item: 3001 per store: brickina
2025-07-01 15:20:12,366 [pool-2-thread-1] INFO : analisi item: 6190 per store: BunteSteinewelt
2025-07-01 15:20:13,463 [pool-2-thread-2] INFO : analisi item: 3001 per store: BunteSteinewelt
2025-07-01 15:20:14,212 [pool-2-thread-1] INFO : Thread pool-2-thread-1 → componente 3/9
2025-07-01 15:20:20,423 [pool-2-thread-1] INFO : analisi item: 32828 per store: brickina
2025-07-01 15:20:29,917 [pool-2-thread-2] WARN : ⚠️ Nessun articolo trovato nello store BunteSteinewelt per item 3001
2025-07-01 15:20:30,044 [pool-2-thread-2] INFO : Thread pool-2-thread-2 → componente 4/9
2025-07-01 15:20:33,567 [pool-2-thread-1] INFO : analisi item: 32828 per store: BunteSteinewelt
2025-07-01 15:20:35,353 [pool-2-thread-1] INFO : Thread pool-2-thread-1 → componente 5/9
2025-07-01 15:20:43,089 [pool-2-thread-2] INFO : analisi item: 48729b per store: brickina
2025-07-01 15:20:43,196 [pool-2-thread-1] INFO : analisi item: 30374 per store: brickina
2025-07-01 15:20:54,300 [pool-2-thread-2] INFO : analisi item: 48729b per store: BunteSteinewelt
2025-07-01 15:20:54,418 [pool-2-thread-1] INFO : analisi item: 30374 per store: BunteSteinewelt
2025-07-01 15:20:55,608 [pool-2-thread-2] INFO : Thread pool-2-thread-2 → componente 6/9
2025-07-01 15:20:55,714 [pool-2-thread-1] INFO : Thread pool-2-thread-1 → componente 7/9
2025-07-01 15:20:59,946 [pool-2-thread-1] INFO : analisi item: 23443 per store: brickina
2025-07-01 15:21:05,643 [pool-2-thread-2] INFO : analisi item: 63965 per store: brickina
2025-07-01 15:21:12,254 [pool-2-thread-1] INFO : analisi item: 23443 per store: BunteSteinewelt
2025-07-01 15:21:13,717 [pool-2-thread-1] INFO : Thread pool-2-thread-1 → componente 8/9
2025-07-01 15:21:15,120 [pool-2-thread-2] INFO : analisi item: 63965 per store: BunteSteinewelt
2025-07-01 15:21:19,104 [pool-2-thread-2] INFO : Thread pool-2-thread-2 → componente 9/9
2025-07-01 15:21:19,943 [pool-2-thread-1] INFO : analisi item: 73825 per store: brickina
2025-07-01 15:21:25,700 [pool-2-thread-2] INFO : analisi item: 99780 per store: brickina
2025-07-01 15:21:33,264 [pool-2-thread-1] INFO : analisi item: 73825 per store: BunteSteinewelt
2025-07-01 15:21:36,515 [pool-2-thread-2] INFO : analisi item: 99780 per store: BunteSteinewelt
2025-07-01 15:21:52,684 [pool-2-thread-2] WARN : ⚠️ Nessun articolo trovato nello store BunteSteinewelt per item 99780
2025-07-01 15:21:52,863 [AWT-EventQueue-0] INFO : creazione file csv
2025-07-01 15:21:52,878 [AWT-EventQueue-0] INFO : File Csv creato correttamente
2025-07-01 15:48:37,810 [AWT-EventQueue-0] INFO : check before start elab
2025-07-01 15:48:37,813 [AWT-EventQueue-0] INFO : Selezione File: OK
2025-07-01 15:48:37,813 [AWT-EventQueue-0] INFO : Controllo estensione: OK
2025-07-01 15:48:37,813 [AWT-EventQueue-0] INFO : Inizio elaborazione
2025-07-01 15:48:37,890 [AWT-EventQueue-0] INFO : Caricamento XML
2025-07-01 15:48:37,925 [AWT-EventQueue-0] INFO : Avvio parsing multi-thread con 2 thread
2025-07-01 15:48:37,931 [pool-2-thread-2] INFO : Thread pool-2-thread-2 → componente 2/9
2025-07-01 15:48:37,931 [pool-2-thread-1] INFO : Thread pool-2-thread-1 → componente 1/9
2025-07-01 15:48:49,763 [pool-2-thread-2] INFO : analisi item: 3001 per store: brickina
2025-07-01 15:48:49,763 [pool-2-thread-1] INFO : analisi item: 6190 per store: brickina
2025-07-01 15:48:57,189 [pool-2-thread-2] INFO : analisi item: 3001 per store: BunteSteinewelt
2025-07-01 15:49:00,683 [pool-2-thread-1] INFO : analisi item: 6190 per store: BunteSteinewelt
2025-07-01 15:49:01,870 [pool-2-thread-1] INFO : Thread pool-2-thread-1 → componente 3/9
2025-07-01 15:49:11,693 [pool-2-thread-1] INFO : analisi item: 32828 per store: brickina
2025-07-01 15:49:13,607 [pool-2-thread-2] WARN : ⚠️ Nessun articolo trovato nello store BunteSteinewelt per item 3001
2025-07-01 15:49:13,741 [pool-2-thread-2] INFO : Thread pool-2-thread-2 → componente 4/9
2025-07-01 15:49:20,496 [pool-2-thread-2] INFO : analisi item: 48729b per store: brickina
2025-07-01 15:49:23,720 [pool-2-thread-1] INFO : analisi item: 32828 per store: BunteSteinewelt
2025-07-01 15:49:30,791 [pool-2-thread-1] INFO : Thread pool-2-thread-1 → componente 5/9
2025-07-01 15:49:35,185 [pool-2-thread-2] INFO : analisi item: 48729b per store: BunteSteinewelt
2025-07-01 15:49:35,397 [pool-2-thread-1] INFO : analisi item: 30374 per store: brickina
2025-07-01 15:49:36,359 [pool-2-thread-2] INFO : Thread pool-2-thread-2 → componente 6/9
2025-07-01 15:49:41,236 [pool-2-thread-1] INFO : analisi item: 30374 per store: BunteSteinewelt
2025-07-01 15:49:44,527 [pool-2-thread-1] INFO : Thread pool-2-thread-1 → componente 7/9
2025-07-01 15:49:45,691 [pool-2-thread-2] INFO : analisi item: 63965 per store: brickina
2025-07-01 15:49:49,471 [pool-2-thread-1] INFO : analisi item: 23443 per store: brickina
2025-07-01 15:49:55,304 [pool-2-thread-2] INFO : analisi item: 63965 per store: BunteSteinewelt
2025-07-01 15:49:56,446 [pool-2-thread-2] INFO : Thread pool-2-thread-2 → componente 8/9
2025-07-01 15:49:58,788 [pool-2-thread-1] INFO : analisi item: 23443 per store: BunteSteinewelt
2025-07-01 15:49:59,964 [pool-2-thread-1] INFO : Thread pool-2-thread-1 → componente 9/9
2025-07-01 15:50:00,454 [pool-2-thread-2] INFO : analisi item: 73825 per store: brickina
2025-07-01 15:50:08,908 [pool-2-thread-1] INFO : analisi item: 99780 per store: brickina
2025-07-01 15:50:09,790 [pool-2-thread-2] INFO : analisi item: 73825 per store: BunteSteinewelt
2025-07-01 15:50:17,719 [pool-2-thread-1] INFO : analisi item: 99780 per store: BunteSteinewelt
2025-07-01 15:50:33,511 [pool-2-thread-1] WARN : ⚠️ Nessun articolo trovato nello store BunteSteinewelt per item 99780
2025-07-01 15:50:33,688 [AWT-EventQueue-0] INFO : creazione file csv
2025-07-01 15:50:33,701 [AWT-EventQueue-0] INFO : File Csv creato correttamente
2025-07-01 15:51:27,242 [AWT-EventQueue-0] INFO : check before start elab
2025-07-01 15:51:27,245 [AWT-EventQueue-0] INFO : Selezione File: OK
2025-07-01 15:51:27,245 [AWT-EventQueue-0] INFO : Controllo estensione: OK
2025-07-01 15:51:27,245 [AWT-EventQueue-0] INFO : Inizio elaborazione
2025-07-01 15:51:27,273 [AWT-EventQueue-0] INFO : Caricamento XML
2025-07-01 15:51:27,278 [AWT-EventQueue-0] INFO : Avvio parsing multi-thread con 2 thread
2025-07-01 15:51:27,285 [pool-2-thread-1] INFO : Thread pool-2-thread-1 → componente 1/9
2025-07-01 15:51:27,285 [pool-2-thread-2] INFO : Thread pool-2-thread-2 → componente 2/9
2025-07-01 15:51:34,651 [pool-2-thread-1] INFO : analisi item: 6190 per store: brickina
2025-07-01 15:51:34,651 [pool-2-thread-2] INFO : analisi item: 3001 per store: brickina
2025-07-01 15:51:40,986 [pool-2-thread-2] INFO : analisi item: 3001 per store: BunteSteinewelt
2025-07-01 15:51:45,810 [pool-2-thread-1] INFO : analisi item: 6190 per store: BunteSteinewelt
2025-07-01 15:51:47,286 [pool-2-thread-1] INFO : Thread pool-2-thread-1 → componente 3/9
2025-07-01 15:51:56,975 [pool-2-thread-2] WARN : ⚠️ Nessun articolo trovato nello store BunteSteinewelt per item 3001
2025-07-01 15:51:57,091 [pool-2-thread-2] INFO : Thread pool-2-thread-2 → componente 4/9
2025-07-01 15:51:58,124 [pool-2-thread-1] INFO : analisi item: 32828 per store: brickina
2025-07-01 15:52:05,106 [pool-2-thread-2] INFO : analisi item: 48729b per store: brickina
2025-07-01 15:52:05,673 [pool-2-thread-1] INFO : analisi item: 32828 per store: BunteSteinewelt
2025-07-01 15:52:07,271 [pool-2-thread-1] INFO : Thread pool-2-thread-1 → componente 5/9
2025-07-01 15:52:14,476 [pool-2-thread-2] INFO : analisi item: 48729b per store: BunteSteinewelt
2025-07-01 15:52:16,108 [pool-2-thread-2] INFO : Thread pool-2-thread-2 → componente 6/9
2025-07-01 15:52:16,946 [pool-2-thread-1] INFO : analisi item: 30374 per store: brickina
2025-07-01 15:52:22,009 [pool-2-thread-2] INFO : analisi item: 63965 per store: brickina
2025-07-01 15:52:22,783 [pool-2-thread-1] INFO : analisi item: 30374 per store: BunteSteinewelt
2025-07-01 15:52:23,976 [pool-2-thread-1] INFO : Thread pool-2-thread-1 → componente 7/9
2025-07-01 15:52:32,680 [pool-2-thread-1] INFO : analisi item: 23443 per store: brickina
2025-07-01 15:52:33,382 [pool-2-thread-2] INFO : analisi item: 63965 per store: BunteSteinewelt
2025-07-01 15:52:34,674 [pool-2-thread-2] INFO : Thread pool-2-thread-2 → componente 8/9
2025-07-01 15:52:41,963 [pool-2-thread-2] INFO : analisi item: 73825 per store: brickina
2025-07-01 15:52:43,755 [pool-2-thread-1] INFO : analisi item: 23443 per store: BunteSteinewelt
2025-07-01 15:52:45,029 [pool-2-thread-1] INFO : Thread pool-2-thread-1 → componente 9/9
2025-07-01 15:52:54,090 [pool-2-thread-1] INFO : analisi item: 99780 per store: brickina
2025-07-01 15:52:56,035 [pool-2-thread-2] INFO : analisi item: 73825 per store: BunteSteinewelt
2025-07-01 15:53:01,582 [pool-2-thread-1] INFO : analisi item: 99780 per store: BunteSteinewelt
2025-07-01 15:53:17,784 [pool-2-thread-1] WARN : ⚠️ Nessun articolo trovato nello store BunteSteinewelt per item 99780
2025-07-01 15:53:17,935 [AWT-EventQueue-0] INFO : creazione file csv
2025-07-01 15:53:17,938 [AWT-EventQueue-0] INFO : File Csv creato correttamente
2025-07-02 10:48:00,100 [AWT-EventQueue-0] INFO : check before start elab
2025-07-02 10:48:00,103 [AWT-EventQueue-0] INFO : Selezione File: OK
2025-07-02 10:48:00,103 [AWT-EventQueue-0] INFO : Controllo estensione: OK
2025-07-02 10:48:00,103 [AWT-EventQueue-0] INFO : Inizio elaborazione
2025-07-02 10:48:00,195 [AWT-EventQueue-0] INFO : Caricamento XML
2025-07-02 10:48:00,230 [AWT-EventQueue-0] INFO : Avvio parsing multi-thread con 2 thread
2025-07-02 10:48:00,237 [pool-2-thread-2] INFO : Thread pool-2-thread-2 → componente 2/9
2025-07-02 10:48:00,237 [pool-2-thread-1] INFO : Thread pool-2-thread-1 → componente 1/9
2025-07-02 10:48:14,703 [pool-2-thread-1] INFO : analisi item: 6190 per store: brickina
2025-07-02 10:48:14,703 [pool-2-thread-2] INFO : analisi item: 3001 per store: brickina
2025-07-02 10:48:20,409 [pool-2-thread-2] INFO : analisi item: 3001 per store: BunteSteinewelt
2025-07-02 10:48:25,567 [pool-2-thread-1] INFO : analisi item: 6190 per store: BunteSteinewelt
2025-07-02 10:48:26,715 [pool-2-thread-1] INFO : Thread pool-2-thread-1 → componente 3/9
2025-07-02 10:48:31,768 [pool-2-thread-1] INFO : analisi item: 32828 per store: brickina
2025-07-02 10:48:36,859 [pool-2-thread-2] WARN : ⚠️ Nessun articolo trovato nello store BunteSteinewelt per item 3001
2025-07-02 10:48:36,992 [pool-2-thread-2] INFO : Thread pool-2-thread-2 → componente 4/9
2025-07-02 10:48:45,057 [pool-2-thread-1] INFO : analisi item: 32828 per store: BunteSteinewelt
2025-07-02 10:48:46,329 [pool-2-thread-1] INFO : Thread pool-2-thread-1 → componente 5/9
2025-07-02 10:48:47,395 [pool-2-thread-2] INFO : analisi item: 48729b per store: brickina
2025-07-02 10:48:53,894 [pool-2-thread-2] INFO : analisi item: 48729b per store: BunteSteinewelt
2025-07-02 10:48:56,653 [pool-2-thread-2] INFO : Thread pool-2-thread-2 → componente 6/9
2025-07-02 10:48:56,841 [pool-2-thread-1] INFO : analisi item: 30374 per store: brickina
2025-07-02 10:49:03,458 [pool-2-thread-1] INFO : analisi item: 30374 per store: BunteSteinewelt
2025-07-02 10:49:04,548 [pool-2-thread-1] INFO : Thread pool-2-thread-1 → componente 7/9
2025-07-02 10:49:08,757 [pool-2-thread-2] INFO : analisi item: 63965 per store: brickina
2025-07-02 10:49:13,260 [pool-2-thread-1] INFO : analisi item: 23443 per store: brickina
2025-07-02 10:49:15,992 [pool-2-thread-2] INFO : analisi item: 63965 per store: BunteSteinewelt
2025-07-02 10:49:17,128 [pool-2-thread-2] INFO : Thread pool-2-thread-2 → componente 8/9
2025-07-02 10:49:22,655 [pool-2-thread-2] INFO : analisi item: 73825 per store: brickina
2025-07-02 10:49:24,863 [pool-2-thread-1] INFO : analisi item: 23443 per store: BunteSteinewelt
2025-07-02 10:49:26,126 [pool-2-thread-1] INFO : Thread pool-2-thread-1 → componente 9/9
2025-07-02 10:49:30,695 [pool-2-thread-2] INFO : analisi item: 73825 per store: BunteSteinewelt
2025-07-02 10:49:31,612 [pool-2-thread-1] INFO : analisi item: 99780 per store: brickina
2025-07-02 10:49:40,968 [pool-2-thread-1] INFO : analisi item: 99780 per store: BunteSteinewelt
2025-07-02 10:49:57,374 [pool-2-thread-1] WARN : ⚠️ Nessun articolo trovato nello store BunteSteinewelt per item 99780
2025-07-02 10:49:57,517 [AWT-EventQueue-0] INFO : creazione file csv
2025-07-02 10:49:57,529 [AWT-EventQueue-0] INFO : File Csv creato correttamente
2025-07-02 10:53:15,157 [AWT-EventQueue-0] INFO : check before start elab
2025-07-02 10:53:15,159 [AWT-EventQueue-0] INFO : Selezione File: OK
2025-07-02 10:53:15,159 [AWT-EventQueue-0] INFO : Controllo estensione: OK
2025-07-02 10:53:15,159 [AWT-EventQueue-0] INFO : Inizio elaborazione
2025-07-02 10:53:15,180 [AWT-EventQueue-0] INFO : Caricamento XML
2025-07-02 10:53:15,186 [AWT-EventQueue-0] INFO : Avvio parsing multi-thread con 2 thread
2025-07-02 10:53:15,190 [pool-2-thread-1] INFO : Thread pool-2-thread-1 → componente 1/9
2025-07-02 10:53:15,190 [pool-2-thread-2] INFO : Thread pool-2-thread-2 → componente 2/9
2025-07-02 10:53:23,558 [pool-2-thread-1] INFO : analisi item: 6190 per store: brickina
2025-07-02 10:53:23,558 [pool-2-thread-2] INFO : analisi item: 3001 per store: brickina
2025-07-02 10:53:30,903 [pool-2-thread-1] INFO : analisi item: 6190 per store: BunteSteinewelt
2025-07-02 10:53:32,377 [pool-2-thread-2] INFO : analisi item: 3001 per store: BunteSteinewelt
2025-07-02 10:53:32,522 [pool-2-thread-1] INFO : Thread pool-2-thread-1 → componente 3/9
2025-07-02 10:53:37,923 [pool-2-thread-1] INFO : analisi item: 32828 per store: brickina
2025-07-02 10:53:45,819 [pool-2-thread-1] INFO : analisi item: 32828 per store: BunteSteinewelt
2025-07-02 10:53:47,984 [pool-2-thread-1] INFO : Thread pool-2-thread-1 → componente 4/9
2025-07-02 10:53:48,593 [pool-2-thread-2] WARN : ⚠️ Nessun articolo trovato nello store BunteSteinewelt per item 3001
2025-07-02 10:53:48,700 [pool-2-thread-2] INFO : Thread pool-2-thread-2 → componente 5/9
2025-07-02 10:53:58,666 [pool-2-thread-2] INFO : analisi item: 30374 per store: brickina
2025-07-02 10:54:02,010 [pool-2-thread-1] INFO : analisi item: 48729b per store: brickina
2025-07-02 10:54:06,282 [pool-2-thread-2] INFO : analisi item: 30374 per store: BunteSteinewelt
2025-07-02 10:54:09,153 [pool-2-thread-2] INFO : Thread pool-2-thread-2 → componente 6/9
2025-07-02 10:54:11,568 [pool-2-thread-1] INFO : analisi item: 48729b per store: BunteSteinewelt
2025-07-02 10:54:14,023 [pool-2-thread-1] INFO : Thread pool-2-thread-1 → componente 7/9
2025-07-02 10:54:20,800 [pool-2-thread-2] INFO : analisi item: 63965 per store: brickina
2025-07-02 10:54:22,224 [pool-2-thread-1] INFO : analisi item: 23443 per store: brickina
2025-07-02 10:54:31,537 [pool-2-thread-1] INFO : analisi item: 23443 per store: BunteSteinewelt
2025-07-02 10:54:32,446 [pool-2-thread-2] INFO : analisi item: 63965 per store: BunteSteinewelt
2025-07-02 10:54:33,139 [pool-2-thread-1] INFO : Thread pool-2-thread-1 → componente 8/9
2025-07-02 10:54:33,651 [pool-2-thread-2] INFO : Thread pool-2-thread-2 → componente 9/9
2025-07-02 10:54:39,682 [pool-2-thread-2] INFO : analisi item: 99780 per store: brickina
2025-07-02 10:54:41,288 [pool-2-thread-1] INFO : analisi item: 73825 per store: brickina
2025-07-02 10:54:47,740 [pool-2-thread-1] INFO : analisi item: 73825 per store: BunteSteinewelt
2025-07-02 10:54:49,243 [pool-2-thread-2] INFO : analisi item: 99780 per store: BunteSteinewelt
2025-07-02 10:55:05,468 [pool-2-thread-2] WARN : ⚠️ Nessun articolo trovato nello store BunteSteinewelt per item 99780
2025-07-02 11:08:07,325 [AWT-EventQueue-0] INFO : check before start elab
2025-07-02 11:08:07,327 [AWT-EventQueue-0] INFO : Selezione File: OK
2025-07-02 11:08:07,327 [AWT-EventQueue-0] INFO : Controllo estensione: OK
2025-07-02 11:08:07,327 [AWT-EventQueue-0] INFO : Inizio elaborazione
2025-07-02 11:08:07,428 [AWT-EventQueue-0] INFO : Caricamento XML
2025-07-02 11:08:07,468 [AWT-EventQueue-0] INFO : Avvio parsing multi-thread con 2 thread
2025-07-02 11:08:07,473 [pool-2-thread-2] INFO : Thread pool-2-thread-2 → componente 2/9
2025-07-02 11:08:07,473 [pool-2-thread-1] INFO : Thread pool-2-thread-1 → componente 1/9
2025-07-02 11:08:21,609 [pool-2-thread-1] INFO : analisi item: 6190 per store: brickina
2025-07-02 11:08:21,736 [pool-2-thread-2] INFO : analisi item: 3001 per store: brickina
2025-07-02 11:08:28,577 [pool-2-thread-2] INFO : analisi item: 3001 per store: BunteSteinewelt
2025-07-02 11:08:29,503 [pool-2-thread-1] INFO : analisi item: 6190 per store: BunteSteinewelt
2025-07-02 11:08:30,709 [pool-2-thread-1] INFO : Thread pool-2-thread-1 → componente 3/9
2025-07-02 11:08:37,137 [pool-2-thread-1] INFO : analisi item: 32828 per store: brickina
2025-07-02 11:08:44,697 [pool-2-thread-2] WARN : ⚠️ Nessun articolo trovato nello store BunteSteinewelt per item 3001
2025-07-02 11:08:44,822 [pool-2-thread-2] INFO : Thread pool-2-thread-2 → componente 4/9
2025-07-02 11:08:49,715 [pool-2-thread-1] INFO : analisi item: 32828 per store: BunteSteinewelt
2025-07-02 11:08:51,495 [pool-2-thread-1] INFO : Thread pool-2-thread-1 → componente 5/9
2025-07-02 11:08:54,194 [pool-2-thread-2] INFO : analisi item: 48729b per store: brickina
2025-07-02 11:09:02,809 [pool-2-thread-1] INFO : analisi item: 30374 per store: brickina
2025-07-02 11:09:05,675 [pool-2-thread-2] INFO : analisi item: 48729b per store: BunteSteinewelt
2025-07-02 11:09:06,886 [pool-2-thread-2] INFO : Thread pool-2-thread-2 → componente 6/9
2025-07-02 11:09:11,846 [pool-2-thread-1] INFO : analisi item: 30374 per store: BunteSteinewelt
2025-07-02 11:09:12,948 [pool-2-thread-1] INFO : Thread pool-2-thread-1 → componente 7/9
2025-07-02 11:09:20,922 [pool-2-thread-2] INFO : analisi item: 63965 per store: brickina
2025-07-02 11:09:21,322 [pool-2-thread-1] INFO : analisi item: 23443 per store: brickina
2025-07-02 11:09:31,451 [pool-2-thread-1] INFO : analisi item: 23443 per store: BunteSteinewelt
2025-07-02 11:09:32,569 [pool-2-thread-2] INFO : analisi item: 63965 per store: BunteSteinewelt
2025-07-02 11:09:33,092 [pool-2-thread-1] INFO : Thread pool-2-thread-1 → componente 8/9
2025-07-02 11:09:33,940 [pool-2-thread-2] INFO : Thread pool-2-thread-2 → componente 9/9
2025-07-02 11:09:37,897 [pool-2-thread-1] INFO : analisi item: 73825 per store: brickina
2025-07-02 11:09:46,215 [pool-2-thread-2] INFO : analisi item: 99780 per store: brickina
2025-07-02 11:09:47,600 [pool-2-thread-1] INFO : analisi item: 73825 per store: BunteSteinewelt
2025-07-02 11:09:52,564 [pool-2-thread-2] INFO : analisi item: 99780 per store: BunteSteinewelt
2025-07-02 11:10:08,864 [pool-2-thread-2] WARN : ⚠️ Nessun articolo trovato nello store BunteSteinewelt per item 99780
2025-07-02 11:10:09,030 [AWT-EventQueue-0] INFO : creazione file csv
2025-07-02 11:10:09,043 [AWT-EventQueue-0] INFO : File Csv creato correttamente
2025-07-02 11:20:37,897 [AWT-EventQueue-0] INFO : check before start elab
2025-07-02 11:20:37,899 [AWT-EventQueue-0] INFO : Selezione File: OK
2025-07-02 11:20:37,899 [AWT-EventQueue-0] INFO : Controllo estensione: OK
2025-07-02 11:20:37,899 [AWT-EventQueue-0] INFO : Inizio elaborazione
2025-07-02 11:20:38,003 [AWT-EventQueue-0] INFO : Caricamento XML
2025-07-02 11:20:38,043 [AWT-EventQueue-0] INFO : Avvio parsing multi-thread con 2 thread
2025-07-02 11:20:38,048 [pool-2-thread-1] INFO : Thread pool-2-thread-1 → componente 1/1
2025-07-02 11:20:45,382 [pool-2-thread-1] INFO : analisi item: 6190 per store: brickina
2025-07-02 11:20:52,509 [pool-2-thread-1] INFO : analisi item: 6190 per store: BunteSteinewelt
2025-07-02 11:20:54,213 [AWT-EventQueue-0] INFO : creazione file csv
2025-07-02 11:20:54,227 [AWT-EventQueue-0] INFO : File Csv creato correttamente
2025-07-02 11:23:06,231 [AWT-EventQueue-0] INFO : check before start elab
2025-07-02 11:23:06,232 [AWT-EventQueue-0] INFO : Selezione File: OK
2025-07-02 11:23:06,232 [AWT-EventQueue-0] INFO : Controllo estensione: OK
2025-07-02 11:23:06,233 [AWT-EventQueue-0] INFO : Inizio elaborazione
2025-07-02 11:23:06,243 [AWT-EventQueue-0] INFO : Caricamento XML
2025-07-02 11:23:06,245 [AWT-EventQueue-0] INFO : Avvio parsing multi-thread con 2 thread
2025-07-02 11:23:06,245 [pool-3-thread-1] INFO : Thread pool-3-thread-1 → componente 1/1
2025-07-02 11:23:16,637 [pool-3-thread-1] INFO : analisi item: 6190 per store: brickina
2025-07-02 11:23:26,324 [pool-3-thread-1] INFO : analisi item: 6190 per store: BunteSteinewelt
2025-07-02 11:23:31,614 [pool-3-thread-1] INFO : analisi item: 6190 per store: legoaren
2025-07-02 11:23:47,626 [pool-3-thread-1] WARN : ⚠️ Nessun articolo trovato nello store legoaren per item 6190
2025-07-02 11:23:47,747 [AWT-EventQueue-0] INFO : creazione file csv
2025-07-02 11:23:47,747 [AWT-EventQueue-0] INFO : File Csv creato correttamente
2025-07-02 11:25:24,455 [AWT-EventQueue-0] INFO : check before start elab
2025-07-02 11:25:24,456 [AWT-EventQueue-0] INFO : Selezione File: OK
2025-07-02 11:25:24,456 [AWT-EventQueue-0] INFO : Controllo estensione: OK
2025-07-02 11:25:24,456 [AWT-EventQueue-0] INFO : Inizio elaborazione
2025-07-02 11:25:24,467 [AWT-EventQueue-0] INFO : Caricamento XML
2025-07-02 11:25:24,469 [AWT-EventQueue-0] INFO : Avvio parsing multi-thread con 2 thread
2025-07-02 11:25:24,469 [pool-4-thread-1] INFO : Thread pool-4-thread-1 → componente 1/1
2025-07-02 11:25:25,870 [pool-4-thread-1] INFO : analisi item: 6190 per store: brickina
2025-07-02 11:25:37,413 [pool-4-thread-1] INFO : analisi item: 6190 per store: BunteSteinewelt
2025-07-02 11:25:43,144 [pool-4-thread-1] INFO : analisi item: 6190 per store: vp.hp
2025-07-02 11:25:44,606 [pool-4-thread-1] WARN : ❌ Errore articolo #1: For input string: "1,1742"
2025-07-02 11:25:44,721 [AWT-EventQueue-0] INFO : creazione file csv
2025-07-02 11:25:44,722 [AWT-EventQueue-0] INFO : File Csv creato correttamente
2025-07-02 11:28:58,246 [AWT-EventQueue-0] INFO : check before start elab
2025-07-02 11:28:58,248 [AWT-EventQueue-0] INFO : Selezione File: OK
2025-07-02 11:28:58,248 [AWT-EventQueue-0] INFO : Controllo estensione: OK
2025-07-02 11:28:58,248 [AWT-EventQueue-0] INFO : Inizio elaborazione
2025-07-02 11:28:58,274 [AWT-EventQueue-0] INFO : Caricamento XML
2025-07-02 11:28:58,280 [AWT-EventQueue-0] INFO : Avvio parsing multi-thread con 2 thread
2025-07-02 11:28:58,285 [pool-2-thread-1] INFO : Thread pool-2-thread-1 → componente 1/1
2025-07-02 11:29:03,265 [pool-2-thread-1] INFO : analisi item: 6190 per store: brickina
2025-07-02 11:29:13,913 [pool-2-thread-1] INFO : analisi item: 6190 per store: BunteSteinewelt
2025-07-02 11:29:21,616 [pool-2-thread-1] INFO : analisi item: 6190 per store: vp.hp
2025-07-02 11:29:22,729 [AWT-EventQueue-0] INFO : creazione file csv
2025-07-02 11:29:22,744 [AWT-EventQueue-0] INFO : File Csv creato correttamente
2025-07-02 15:06:11,871 [AWT-EventQueue-0] INFO : check before start elab
2025-07-02 15:06:11,874 [AWT-EventQueue-0] INFO : Selezione File: OK
2025-07-02 15:06:11,874 [AWT-EventQueue-0] INFO : Controllo estensione: OK
2025-07-02 15:06:11,874 [AWT-EventQueue-0] INFO : Inizio elaborazione
2025-07-02 15:06:11,964 [AWT-EventQueue-0] INFO : Caricamento XML
2025-07-02 15:06:12,002 [AWT-EventQueue-0] INFO : Avvio parsing multi-thread con 2 thread
2025-07-02 15:06:12,006 [pool-2-thread-1] INFO : Thread pool-2-thread-1 → componente 1/1
2025-07-02 15:06:25,194 [pool-2-thread-1] INFO : analisi item: 6190 per store: brickina
2025-07-02 15:06:41,342 [pool-2-thread-1] INFO : analisi item: 6190 per store: BunteSteinewelt
2025-07-02 15:06:49,255 [pool-2-thread-1] INFO : analisi item: 6190 per store: vp.hp
2025-07-02 15:06:50,841 [AWT-EventQueue-0] INFO : creazione file csv
2025-07-02 15:06:50,851 [AWT-EventQueue-0] INFO : File Csv creato correttamente
2025-07-02 15:27:56,708 [AWT-EventQueue-0] INFO : check before start elab
2025-07-02 15:27:56,710 [AWT-EventQueue-0] INFO : Selezione File: OK
2025-07-02 15:27:56,710 [AWT-EventQueue-0] INFO : Controllo estensione: OK
2025-07-02 15:27:56,710 [AWT-EventQueue-0] INFO : Inizio elaborazione
2025-07-02 15:27:56,818 [AWT-EventQueue-0] INFO : Caricamento XML
2025-07-02 15:27:56,818 [AWT-EventQueue-0] INFO : Avvio parsing multi-thread con 2 thread
2025-07-02 15:27:56,823 [pool-2-thread-1] INFO : Thread pool-2-thread-1 → componente 1/1
2025-07-02 15:28:00,512 [pool-2-thread-1] INFO : analisi item: 6190 per store: brickina
2025-07-02 15:28:12,853 [pool-2-thread-1] INFO : analisi item: 6190 per store: BunteSteinewelt
2025-07-02 15:28:19,899 [pool-2-thread-1] INFO : analisi item: 6190 per store: vp.hp
2025-07-02 15:28:21,470 [AWT-EventQueue-0] INFO : creazione file csv
2025-07-02 15:28:21,481 [AWT-EventQueue-0] INFO : File Csv creato correttamente
2025-07-02 15:44:00,392 [AWT-EventQueue-0] INFO : check before start elab
2025-07-02 15:44:00,394 [AWT-EventQueue-0] INFO : Selezione File: OK
2025-07-02 15:44:00,394 [AWT-EventQueue-0] INFO : Controllo estensione: OK
2025-07-02 15:44:00,394 [AWT-EventQueue-0] INFO : Inizio elaborazione
2025-07-02 15:44:00,478 [AWT-EventQueue-0] INFO : Caricamento XML Wanted List
2025-07-02 15:44:00,503 [AWT-EventQueue-0] INFO : Caricamento dati da BL
2025-07-02 15:44:00,503 [AWT-EventQueue-0] INFO : Avvio parsing multi-thread con 2 thread
2025-07-02 15:44:00,508 [pool-2-thread-1] INFO : Thread pool-2-thread-1 → componente 1/1
2025-07-02 15:44:12,809 [pool-2-thread-1] INFO : analisi item: 6190 per store: brickina
2025-07-02 15:44:21,010 [pool-2-thread-1] INFO : analisi item: 6190 per store: BunteSteinewelt
2025-07-02 15:44:28,746 [pool-2-thread-1] INFO : analisi item: 6190 per store: vp.hp
2025-07-02 15:44:30,544 [AWT-EventQueue-0] INFO : Caricamento dati da Lego
2025-07-02 15:44:30,565 [AWT-EventQueue-0] INFO : creazione file csv
2025-07-02 15:44:30,577 [AWT-EventQueue-0] INFO : File Csv creato correttamente
2025-07-02 15:47:02,574 [AWT-EventQueue-0] INFO : check before start elab
2025-07-02 15:47:02,575 [AWT-EventQueue-0] INFO : Selezione File: OK
2025-07-02 15:47:02,575 [AWT-EventQueue-0] INFO : Controllo estensione: OK
2025-07-02 15:47:02,575 [AWT-EventQueue-0] INFO : Inizio elaborazione
2025-07-02 15:47:02,599 [AWT-EventQueue-0] INFO : Caricamento XML Wanted List
2025-07-02 15:47:02,600 [AWT-EventQueue-0] INFO : Caricamento dati da BL
2025-07-02 15:47:02,600 [AWT-EventQueue-0] INFO : Avvio parsing multi-thread con 2 thread
2025-07-02 15:47:02,601 [pool-3-thread-1] INFO : Thread pool-3-thread-1 → componente 1/1
2025-07-02 15:47:11,878 [pool-3-thread-1] INFO : analisi item: 6190 per store: brickina
2025-07-02 15:47:19,442 [pool-3-thread-1] INFO : analisi item: 6190 per store: BunteSteinewelt
2025-07-02 15:47:30,935 [pool-3-thread-1] INFO : analisi item: 6190 per store: vp.hp
2025-07-02 15:47:32,029 [AWT-EventQueue-0] INFO : Caricamento dati da Lego
2025-07-02 15:47:32,031 [AWT-EventQueue-0] INFO : creazione file csv
2025-07-02 15:47:32,031 [AWT-EventQueue-0] INFO : File Csv creato correttamente
2025-07-02 15:52:27,530 [AWT-EventQueue-0] INFO : check before start elab
2025-07-02 15:52:27,531 [AWT-EventQueue-0] INFO : Selezione File: OK
2025-07-02 15:52:27,531 [AWT-EventQueue-0] INFO : Controllo estensione: OK
2025-07-02 15:52:27,531 [AWT-EventQueue-0] INFO : Inizio elaborazione
2025-07-02 15:52:27,532 [AWT-EventQueue-0] INFO : Caricamento XML Wanted List
2025-07-02 15:52:27,533 [AWT-EventQueue-0] INFO : Caricamento dati da BL
2025-07-02 15:52:27,534 [AWT-EventQueue-0] INFO : Avvio parsing multi-thread con 2 thread
2025-07-02 15:52:27,534 [pool-4-thread-1] INFO : Thread pool-4-thread-1 → componente 1/1
2025-07-02 15:52:32,703 [pool-4-thread-1] INFO : analisi item: 6190 per store: brickina
2025-07-02 15:52:41,840 [pool-4-thread-1] INFO : analisi item: 6190 per store: BunteSteinewelt
2025-07-02 15:52:43,595 [pool-4-thread-1] INFO : analisi item: 6190 per store: vp.hp
2025-07-02 15:52:45,280 [AWT-EventQueue-0] INFO : Caricamento dati da Lego
2025-07-02 15:52:45,302 [AWT-EventQueue-0] INFO : creazione file csv
2025-07-02 15:52:45,302 [AWT-EventQueue-0] INFO : File Csv creato correttamente
2025-07-02 16:20:50,422 [AWT-EventQueue-0] INFO : check before start elab
2025-07-02 16:20:50,424 [AWT-EventQueue-0] INFO : Selezione File: OK
2025-07-02 16:20:50,424 [AWT-EventQueue-0] INFO : Controllo estensione: OK
2025-07-02 16:20:50,424 [AWT-EventQueue-0] INFO : Inizio elaborazione
2025-07-02 16:20:50,511 [AWT-EventQueue-0] INFO : Caricamento XML Wanted List
2025-07-02 16:20:50,534 [AWT-EventQueue-0] INFO : Caricamento dati da BL
2025-07-02 16:20:50,534 [AWT-EventQueue-0] INFO : Avvio parsing multi-thread con 2 thread
2025-07-02 16:20:50,539 [pool-2-thread-1] INFO : Thread pool-2-thread-1 → componente 1/1
2025-07-02 16:20:59,872 [pool-2-thread-1] INFO : analisi item: 6190 per store: brickina
2025-07-02 16:21:05,717 [pool-2-thread-1] INFO : analisi item: 6190 per store: BunteSteinewelt
2025-07-02 16:21:12,951 [pool-2-thread-1] INFO : analisi item: 6190 per store: vp.hp
2025-07-02 16:21:14,523 [AWT-EventQueue-0] INFO : Caricamento dati da Lego
2025-07-02 16:21:14,558 [AWT-EventQueue-0] INFO : creazione file csv
2025-07-02 16:21:14,568 [AWT-EventQueue-0] INFO : File Csv creato correttamente
2025-07-03 15:45:00,908 [AWT-EventQueue-0] INFO : check before start elab
2025-07-03 15:45:00,911 [AWT-EventQueue-0] INFO : Selezione File: OK
2025-07-03 15:45:00,911 [AWT-EventQueue-0] INFO : Controllo estensione: OK
2025-07-03 15:45:00,911 [AWT-EventQueue-0] INFO : Inizio elaborazione
2025-07-03 15:45:01,000 [AWT-EventQueue-0] INFO : Caricamento XML Wanted List
2025-07-03 15:45:01,025 [AWT-EventQueue-0] INFO : Caricamento dati da BL
2025-07-03 15:45:01,025 [AWT-EventQueue-0] INFO : Avvio parsing multi-thread con 2 thread
2025-07-03 15:45:01,029 [pool-2-thread-1] INFO : Thread pool-2-thread-1 → componente 1/1
2025-07-03 15:45:06,539 [pool-2-thread-1] INFO : analisi item: 6190 per store: brickina
2025-07-03 15:45:11,979 [pool-2-thread-1] INFO : analisi item: 6190 per store: BunteSteinewelt
2025-07-03 15:45:18,320 [pool-2-thread-1] INFO : analisi item: 6190 per store: vp.hp
2025-07-03 15:45:23,310 [AWT-EventQueue-0] INFO : Caricamento dati da Lego
2025-07-03 15:45:23,310 [AWT-EventQueue-0] INFO : Avvio parsing multi-thread con 2 thread
2025-07-03 15:45:23,315 [pool-3-thread-1] INFO : Thread pool-3-thread-1 → componente 1/1
2025-07-03 15:45:24,875 [pool-3-thread-1] INFO : analisi item: 6190 per store LEGO 
2025-07-03 15:45:27,512 [pool-3-thread-1] INFO : 🧱 Elemento #1 → Titolo: TELEPHONE RECEIVER, ID: ID: 6151289/6190, Prezzo: 0,13 €
2025-07-03 15:45:27,660 [AWT-EventQueue-0] INFO : creazione file csv
2025-07-03 15:45:27,670 [AWT-EventQueue-0] INFO : File Csv creato correttamente
2025-07-03 15:52:48,413 [AWT-EventQueue-0] INFO : check before start elab
2025-07-03 15:52:48,415 [AWT-EventQueue-0] INFO : Selezione File: OK
2025-07-03 15:52:48,416 [AWT-EventQueue-0] INFO : Controllo estensione: OK
2025-07-03 15:52:48,416 [AWT-EventQueue-0] INFO : Inizio elaborazione
2025-07-03 15:52:48,440 [AWT-EventQueue-0] INFO : Caricamento XML Wanted List
2025-07-03 15:52:48,454 [AWT-EventQueue-0] INFO : Caricamento dati da BL
2025-07-03 15:52:48,454 [AWT-EventQueue-0] INFO : Avvio parsing multi-thread con 2 thread
2025-07-03 15:52:48,459 [pool-2-thread-1] INFO : Thread pool-2-thread-1 → componente 1/1
2025-07-03 15:52:56,669 [pool-2-thread-1] INFO : analisi item: 6190 per store: brickina
2025-07-03 15:53:05,566 [pool-2-thread-1] INFO : analisi item: 6190 per store: BunteSteinewelt
2025-07-03 15:53:09,499 [pool-2-thread-1] INFO : analisi item: 6190 per store: vp.hp
2025-07-03 15:53:11,075 [AWT-EventQueue-0] INFO : Caricamento dati da Lego
2025-07-03 15:53:11,076 [AWT-EventQueue-0] INFO : Avvio parsing multi-thread con 2 thread
2025-07-03 15:53:11,082 [pool-3-thread-1] INFO : Thread pool-3-thread-1 → componente 1/1
2025-07-03 15:53:13,573 [pool-3-thread-1] INFO : analisi item: 6190 per store LEGO 
2025-07-03 15:53:18,015 [pool-3-thread-1] INFO : 🧱 Elemento #1 → Titolo: TELEPHONE RECEIVER, ID: 6151289, Prezzo: 0,13
2025-07-03 15:53:18,144 [AWT-EventQueue-0] INFO : creazione file csv
2025-07-03 15:53:18,145 [AWT-EventQueue-0] INFO : File Csv creato correttamente
2025-07-03 15:54:25,133 [AWT-EventQueue-0] INFO : check before start elab
2025-07-03 15:54:25,135 [AWT-EventQueue-0] INFO : Selezione File: OK
2025-07-03 15:54:25,135 [AWT-EventQueue-0] INFO : Controllo estensione: OK
2025-07-03 15:54:25,135 [AWT-EventQueue-0] INFO : Inizio elaborazione
2025-07-03 15:54:25,219 [AWT-EventQueue-0] INFO : Caricamento XML Wanted List
2025-07-03 15:54:25,244 [AWT-EventQueue-0] INFO : Caricamento dati da BL
2025-07-03 15:54:25,244 [AWT-EventQueue-0] INFO : Avvio parsing multi-thread con 2 thread
2025-07-03 15:54:25,252 [pool-2-thread-1] INFO : Thread pool-2-thread-1 → componente 1/1
2025-07-03 15:54:34,217 [pool-2-thread-1] INFO : analisi item: 6190 per store: brickina
2025-07-03 15:54:39,435 [AWT-EventQueue-0] INFO : Caricamento dati da Lego
2025-07-03 15:54:39,435 [AWT-EventQueue-0] INFO : Avvio parsing multi-thread con 2 thread
2025-07-03 15:54:39,436 [pool-3-thread-1] INFO : Thread pool-3-thread-1 → componente 1/1
2025-07-03 15:54:42,909 [pool-3-thread-1] INFO : analisi item: 6190 per store LEGO 
2025-07-03 15:54:45,566 [pool-3-thread-1] INFO : 🧱 Elemento #1 → Titolo: TELEPHONE RECEIVER, ID: 6151289, Prezzo: 0,13
2025-07-03 15:54:45,719 [AWT-EventQueue-0] INFO : creazione file csv
2025-07-03 15:54:45,732 [AWT-EventQueue-0] INFO : File Csv creato correttamente
2025-07-03 16:00:20,488 [AWT-EventQueue-0] INFO : check before start elab
2025-07-03 16:00:20,490 [AWT-EventQueue-0] INFO : Selezione File: OK
2025-07-03 16:00:20,490 [AWT-EventQueue-0] INFO : Controllo estensione: OK
2025-07-03 16:00:20,490 [AWT-EventQueue-0] INFO : Inizio elaborazione
2025-07-03 16:00:20,521 [AWT-EventQueue-0] INFO : Caricamento XML Wanted List
2025-07-03 16:00:20,525 [AWT-EventQueue-0] INFO : Caricamento dati da BL
2025-07-03 16:00:20,525 [AWT-EventQueue-0] INFO : Avvio parsing multi-thread con 2 thread
2025-07-03 16:00:20,531 [pool-2-thread-1] INFO : Thread pool-2-thread-1 → componente 1/1
2025-07-03 16:00:28,484 [pool-2-thread-1] INFO : analisi item: 6190 per store: brickina
2025-07-03 16:00:33,595 [AWT-EventQueue-0] INFO : Caricamento dati da Lego
2025-07-03 16:00:33,595 [AWT-EventQueue-0] INFO : Avvio parsing multi-thread con 2 thread
2025-07-03 16:00:33,596 [pool-3-thread-1] INFO : Thread pool-3-thread-1 → componente 1/1
2025-07-03 16:00:34,835 [pool-3-thread-1] INFO : analisi item: 6190 per store LEGO 
2025-07-03 16:00:51,589 [pool-3-thread-1] INFO : 🧱 Elemento #1 → Titolo: TELEPHONE RECEIVER, ID: 6151289, Prezzo: 0,13
2025-07-03 16:00:51,853 [AWT-EventQueue-0] INFO : creazione file csv
2025-07-03 16:00:51,856 [AWT-EventQueue-0] INFO : File Csv creato correttamente
2025-07-03 16:16:20,674 [AWT-EventQueue-0] INFO : check before start elab
2025-07-03 16:16:20,676 [AWT-EventQueue-0] INFO : Selezione File: OK
2025-07-03 16:16:20,676 [AWT-EventQueue-0] INFO : Controllo estensione: OK
2025-07-03 16:16:20,676 [AWT-EventQueue-0] INFO : Inizio elaborazione
2025-07-03 16:16:20,773 [AWT-EventQueue-0] INFO : Caricamento XML Wanted List
2025-07-03 16:16:20,800 [AWT-EventQueue-0] INFO : Caricamento dati da BL
2025-07-03 16:16:20,800 [AWT-EventQueue-0] INFO : Avvio parsing multi-thread con 2 thread
2025-07-03 16:16:20,810 [pool-2-thread-1] INFO : Thread pool-2-thread-1 → componente 1/1
2025-07-03 16:16:23,374 [pool-2-thread-1] INFO : analisi item: 6190 per store: brickina
2025-07-03 16:16:27,926 [AWT-EventQueue-0] INFO : creazione file csv
2025-07-03 16:16:27,938 [AWT-EventQueue-0] INFO : File Csv creato correttamente
2025-07-03 16:16:57,155 [AWT-EventQueue-0] INFO : check before start elab
2025-07-03 16:16:57,155 [AWT-EventQueue-0] INFO : Selezione File: OK
2025-07-03 16:16:57,156 [AWT-EventQueue-0] INFO : Controllo estensione: OK
2025-07-03 16:16:57,156 [AWT-EventQueue-0] INFO : Inizio elaborazione
2025-07-03 16:16:57,158 [AWT-EventQueue-0] INFO : Caricamento XML Wanted List
2025-07-03 16:16:57,159 [AWT-EventQueue-0] INFO : Caricamento dati da BL
2025-07-03 16:16:57,159 [AWT-EventQueue-0] INFO : Avvio parsing multi-thread con 2 thread
2025-07-03 16:16:57,159 [pool-3-thread-1] INFO : Thread pool-3-thread-1 → componente 1/1
2025-07-03 16:17:05,876 [pool-3-thread-1] INFO : analisi item: 6190 per store: brickina
2025-07-03 16:17:14,169 [AWT-EventQueue-0] INFO : Caricamento dati da Lego
2025-07-03 16:17:14,170 [AWT-EventQueue-0] INFO : Avvio parsing multi-thread con 2 thread
2025-07-03 16:17:14,171 [pool-4-thread-1] INFO : Thread pool-4-thread-1 → componente 1/1
2025-07-03 16:17:19,059 [pool-4-thread-1] INFO : analisi item: 6190 per store LEGO 
2025-07-03 16:17:22,803 [pool-4-thread-1] INFO : 🧱 Elemento #1 → Titolo: TELEPHONE RECEIVER, ID: 6151289, Prezzo: 0,13
2025-07-03 16:17:23,122 [AWT-EventQueue-0] INFO : creazione file csv
2025-07-03 16:17:23,122 [AWT-EventQueue-0] INFO : File Csv creato correttamente
2025-07-03 16:22:48,302 [AWT-EventQueue-0] INFO : check before start elab
2025-07-03 16:22:48,305 [AWT-EventQueue-0] INFO : Selezione File: OK
2025-07-03 16:22:48,305 [AWT-EventQueue-0] INFO : Controllo estensione: OK
2025-07-03 16:22:48,305 [AWT-EventQueue-0] INFO : Inizio elaborazione
2025-07-03 16:22:48,330 [AWT-EventQueue-0] INFO : Caricamento XML Wanted List
2025-07-03 16:22:48,335 [AWT-EventQueue-0] INFO : Caricamento dati da BL
2025-07-03 16:22:48,335 [AWT-EventQueue-0] INFO : Avvio parsing multi-thread con 2 thread
2025-07-03 16:22:48,340 [pool-2-thread-1] INFO : Thread pool-2-thread-1 → componente 1/1
2025-07-03 16:22:50,900 [pool-2-thread-1] INFO : analisi item: 6190 per store: LEGO
2025-07-03 16:23:11,605 [pool-2-thread-1] WARN : ⚠️ Nessun articolo trovato nello store LEGO per item 6190
2025-07-03 16:23:13,624 [pool-2-thread-1] INFO : analisi item: 6190 per store: brickina
2025-07-03 16:23:16,327 [AWT-EventQueue-0] INFO : Caricamento dati da Lego
2025-07-03 16:23:16,327 [AWT-EventQueue-0] INFO : Avvio parsing multi-thread con 2 thread
2025-07-03 16:23:16,327 [pool-3-thread-1] INFO : Thread pool-3-thread-1 → componente 1/1
2025-07-03 16:23:21,048 [pool-3-thread-1] INFO : analisi item: 6190 per store LEGO 
2025-07-03 16:23:25,764 [pool-3-thread-1] INFO : 🧱 Elemento #1 → Titolo: TELEPHONE RECEIVER, ID: 6151289, Prezzo: 0,13
2025-07-03 16:23:25,913 [AWT-EventQueue-0] INFO : creazione file csv
2025-07-03 16:23:25,916 [AWT-EventQueue-0] INFO : File Csv creato correttamente
2025-07-03 16:29:24,325 [AWT-EventQueue-0] INFO : check before start elab
2025-07-03 16:29:24,327 [AWT-EventQueue-0] INFO : Selezione File: OK
2025-07-03 16:29:24,327 [AWT-EventQueue-0] INFO : Controllo estensione: OK
2025-07-03 16:29:24,327 [AWT-EventQueue-0] INFO : Inizio elaborazione
2025-07-03 16:29:24,410 [AWT-EventQueue-0] INFO : Caricamento XML Wanted List
2025-07-03 16:29:24,434 [AWT-EventQueue-0] INFO : Caricamento dati da BL
2025-07-03 16:29:24,434 [AWT-EventQueue-0] INFO : Avvio parsing multi-thread con 2 thread
2025-07-03 16:29:24,437 [pool-2-thread-1] INFO : Thread pool-2-thread-1 → componente 1/1
2025-07-03 16:29:33,781 [pool-2-thread-1] INFO : analisi item: 6190 per store: brickina
2025-07-03 16:29:38,498 [AWT-EventQueue-0] INFO : Caricamento dati da Lego
2025-07-03 16:29:38,498 [AWT-EventQueue-0] INFO : Avvio parsing multi-thread con 2 thread
2025-07-03 16:29:38,499 [pool-3-thread-1] INFO : Thread pool-3-thread-1 → componente 1/1
2025-07-03 16:29:42,920 [pool-3-thread-1] INFO : analisi item: 6190 per store LEGO 
2025-07-03 16:30:07,451 [pool-3-thread-1] INFO : 🧱 Elemento #1 → Titolo: TELEPHONE RECEIVER, ID: 6151289, Prezzo: 0,13
2025-07-03 16:30:07,611 [AWT-EventQueue-0] INFO : creazione file csv
2025-07-03 16:30:07,621 [AWT-EventQueue-0] INFO : File Csv creato correttamente
2025-07-03 16:31:27,134 [AWT-EventQueue-0] INFO : check before start elab
2025-07-03 16:31:27,136 [AWT-EventQueue-0] INFO : Selezione File: OK
2025-07-03 16:31:27,136 [AWT-EventQueue-0] INFO : Controllo estensione: OK
2025-07-03 16:31:27,136 [AWT-EventQueue-0] INFO : Inizio elaborazione
2025-07-03 16:31:27,150 [AWT-EventQueue-0] INFO : creazione file csv
2025-07-03 16:31:27,151 [AWT-EventQueue-0] INFO : File Csv creato correttamente
2025-07-03 16:34:33,865 [AWT-EventQueue-0] INFO : check before start elab
2025-07-03 16:34:33,867 [AWT-EventQueue-0] INFO : Selezione File: OK
2025-07-03 16:34:33,867 [AWT-EventQueue-0] INFO : Controllo estensione: OK
2025-07-03 16:34:33,867 [AWT-EventQueue-0] INFO : Inizio elaborazione
2025-07-03 16:34:53,775 [AWT-EventQueue-0] INFO : check before start elab
2025-07-03 16:34:53,777 [AWT-EventQueue-0] INFO : Selezione File: OK
2025-07-03 16:34:53,777 [AWT-EventQueue-0] INFO : Controllo estensione: OK
2025-07-03 16:34:53,777 [AWT-EventQueue-0] INFO : Inizio elaborazione
2025-07-03 16:34:53,793 [AWT-EventQueue-0] INFO : creazione file csv
2025-07-03 16:34:53,794 [AWT-EventQueue-0] INFO : File Csv creato correttamente
2025-07-03 16:35:07,974 [AWT-EventQueue-0] INFO : check before start elab
2025-07-03 16:35:07,974 [AWT-EventQueue-0] INFO : Selezione File: OK
2025-07-03 16:35:07,974 [AWT-EventQueue-0] INFO : Controllo estensione: OK
2025-07-03 16:35:07,974 [AWT-EventQueue-0] INFO : Inizio elaborazione
2025-07-03 16:36:22,967 [AWT-EventQueue-0] INFO : check before start elab
2025-07-03 16:36:22,970 [AWT-EventQueue-0] INFO : Selezione File: OK
2025-07-03 16:36:22,970 [AWT-EventQueue-0] INFO : Controllo estensione: OK
2025-07-03 16:36:22,970 [AWT-EventQueue-0] INFO : Inizio elaborazione
2025-07-03 16:36:22,995 [AWT-EventQueue-0] INFO : creazione file csv
2025-07-03 16:36:22,997 [AWT-EventQueue-0] INFO : File Csv creato correttamente
2025-07-03 16:37:15,054 [AWT-EventQueue-0] INFO : check before start elab
2025-07-03 16:37:15,056 [AWT-EventQueue-0] INFO : Selezione File: OK
2025-07-03 16:37:15,056 [AWT-EventQueue-0] INFO : Controllo estensione: OK
2025-07-03 16:37:15,056 [AWT-EventQueue-0] INFO : Inizio elaborazione
2025-07-03 16:37:53,792 [AWT-EventQueue-0] INFO : creazione file csv
2025-07-03 16:37:53,794 [AWT-EventQueue-0] INFO : File Csv creato correttamente
2025-07-03 16:38:26,519 [AWT-EventQueue-0] INFO : check before start elab
2025-07-03 16:38:26,520 [AWT-EventQueue-0] INFO : Selezione File: OK
2025-07-03 16:38:26,520 [AWT-EventQueue-0] INFO : Controllo estensione: OK
2025-07-03 16:38:26,520 [AWT-EventQueue-0] INFO : Inizio elaborazione
2025-07-03 16:39:25,533 [AWT-EventQueue-0] INFO : creazione file csv
2025-07-03 16:39:25,534 [AWT-EventQueue-0] INFO : File Csv creato correttamente
2025-07-03 16:40:00,565 [AWT-EventQueue-0] INFO : check before start elab
2025-07-03 16:40:00,566 [AWT-EventQueue-0] INFO : Selezione File: OK
2025-07-03 16:40:00,566 [AWT-EventQueue-0] INFO : Controllo estensione: OK
2025-07-03 16:40:00,566 [AWT-EventQueue-0] INFO : Inizio elaborazione
2025-07-03 16:46:31,847 [AWT-EventQueue-0] INFO : check before start elab
2025-07-03 16:46:31,849 [AWT-EventQueue-0] INFO : Selezione File: OK
2025-07-03 16:46:31,849 [AWT-EventQueue-0] INFO : Controllo estensione: OK
2025-07-03 16:46:31,849 [AWT-EventQueue-0] INFO : Inizio elaborazione
2025-07-03 16:46:31,955 [AWT-EventQueue-0] INFO : creazione file csv
2025-07-03 16:46:31,965 [AWT-EventQueue-0] INFO : File Csv creato correttamente
2025-07-03 16:46:42,954 [AWT-EventQueue-0] INFO : check before start elab
2025-07-03 16:46:42,954 [AWT-EventQueue-0] INFO : Selezione File: OK
2025-07-03 16:46:42,954 [AWT-EventQueue-0] INFO : Controllo estensione: OK
2025-07-03 16:46:42,954 [AWT-EventQueue-0] INFO : Inizio elaborazione
2025-07-03 16:46:42,954 [AWT-EventQueue-0] INFO : creazione file csv
2025-07-03 16:46:42,954 [AWT-EventQueue-0] INFO : File Csv creato correttamente
2025-07-03 16:47:18,695 [AWT-EventQueue-0] INFO : check before start elab
2025-07-03 16:47:18,695 [AWT-EventQueue-0] INFO : Selezione File: OK
2025-07-03 16:47:18,695 [AWT-EventQueue-0] INFO : Controllo estensione: OK
2025-07-03 16:47:18,695 [AWT-EventQueue-0] INFO : Inizio elaborazione
2025-07-03 16:47:18,695 [AWT-EventQueue-0] INFO : creazione file csv
2025-07-03 16:47:18,695 [AWT-EventQueue-0] INFO : File Csv creato correttamente
2025-07-03 16:47:26,983 [AWT-EventQueue-0] INFO : check before start elab
2025-07-03 16:47:26,983 [AWT-EventQueue-0] INFO : Selezione File: OK
2025-07-03 16:47:26,983 [AWT-EventQueue-0] INFO : Controllo estensione: OK
2025-07-03 16:47:26,983 [AWT-EventQueue-0] INFO : Inizio elaborazione
2025-07-03 16:47:26,983 [AWT-EventQueue-0] INFO : creazione file csv
2025-07-03 16:47:26,983 [AWT-EventQueue-0] INFO : File Csv creato correttamente
2025-07-03 16:52:52,931 [AWT-EventQueue-0] INFO : check before start elab
2025-07-03 16:52:52,933 [AWT-EventQueue-0] INFO : Selezione File: OK
2025-07-03 16:52:52,933 [AWT-EventQueue-0] INFO : Controllo estensione: OK
2025-07-03 16:52:52,933 [AWT-EventQueue-0] INFO : Inizio elaborazione
2025-07-03 16:52:52,951 [AWT-EventQueue-0] INFO : Caricamento XML Wanted List
2025-07-03 16:52:52,969 [AWT-EventQueue-0] INFO : Caricamento dati da BL
2025-07-03 16:52:52,969 [AWT-EventQueue-0] INFO : Avvio parsing multi-thread con 2 thread
2025-07-03 16:52:52,973 [pool-2-thread-1] INFO : Thread pool-2-thread-1 → componente 1/1
2025-07-03 16:53:00,419 [pool-2-thread-1] INFO : analisi item: 6190 per store: brickina
2025-07-03 16:53:07,513 [pool-2-thread-1] INFO : analisi item: 6190 per store: BunteSteinewelt
2025-07-03 16:53:09,167 [AWT-EventQueue-0] INFO : Caricamento dati da Lego
2025-07-03 16:53:09,167 [AWT-EventQueue-0] INFO : Avvio parsing multi-thread con 2 thread
2025-07-03 16:53:09,168 [pool-3-thread-1] INFO : Thread pool-3-thread-1 → componente 1/1
2025-07-03 16:53:14,370 [pool-3-thread-1] INFO : analisi item: 6190 per store LEGO 
2025-07-03 16:53:17,377 [pool-3-thread-1] INFO : 🧱 Elemento #1 → Titolo: TELEPHONE RECEIVER, ID: 6151289, Prezzo: 0,13
2025-07-03 16:53:17,506 [AWT-EventQueue-0] INFO : creazione file csv
2025-07-03 16:53:17,508 [AWT-EventQueue-0] INFO : File Csv creato correttamente
2025-07-03 16:54:37,607 [AWT-EventQueue-0] INFO : check before start elab
2025-07-03 16:54:37,609 [AWT-EventQueue-0] INFO : Selezione File: OK
2025-07-03 16:54:37,609 [AWT-EventQueue-0] INFO : Controllo estensione: OK
2025-07-03 16:54:37,609 [AWT-EventQueue-0] INFO : Inizio elaborazione
2025-07-03 16:54:37,623 [AWT-EventQueue-0] INFO : creazione file csv
2025-07-03 16:54:37,625 [AWT-EventQueue-0] INFO : File Csv creato correttamente
2025-07-03 16:54:43,798 [AWT-EventQueue-0] INFO : check before start elab
2025-07-03 16:54:43,798 [AWT-EventQueue-0] INFO : Selezione File: OK
2025-07-03 16:54:43,798 [AWT-EventQueue-0] INFO : Controllo estensione: OK
2025-07-03 16:54:43,798 [AWT-EventQueue-0] INFO : Inizio elaborazione
2025-07-03 16:54:43,823 [AWT-EventQueue-0] INFO : Caricamento XML Wanted List
2025-07-03 16:54:43,838 [AWT-EventQueue-0] INFO : Caricamento dati da BL
2025-07-03 16:54:43,838 [AWT-EventQueue-0] INFO : Avvio parsing multi-thread con 2 thread
2025-07-03 16:54:43,842 [pool-2-thread-1] INFO : Thread pool-2-thread-1 → componente 1/1
2025-07-03 16:54:49,025 [pool-2-thread-1] INFO : analisi item: 6190 per store: brickina
2025-07-03 16:54:59,178 [pool-2-thread-1] INFO : analisi item: 6190 per store: BunteSteinewelt
2025-07-03 16:55:00,921 [AWT-EventQueue-0] INFO : Caricamento dati da Lego
2025-07-03 16:55:00,921 [AWT-EventQueue-0] INFO : Avvio parsing multi-thread con 2 thread
2025-07-03 16:55:00,922 [pool-3-thread-1] INFO : Thread pool-3-thread-1 → componente 1/1
2025-07-03 16:55:05,304 [pool-3-thread-1] INFO : analisi item: 6190 per store LEGO 
2025-07-03 16:55:21,849 [pool-3-thread-1] INFO : 🧱 Elemento #1 → Titolo: TELEPHONE RECEIVER, ID: 6151289, Prezzo: 0,13
2025-07-03 16:55:21,991 [AWT-EventQueue-0] INFO : creazione file csv
2025-07-03 16:55:21,992 [AWT-EventQueue-0] INFO : File Csv creato correttamente
2025-07-03 16:56:12,718 [AWT-EventQueue-0] INFO : check before start elab
2025-07-03 16:56:12,718 [AWT-EventQueue-0] INFO : Selezione File: OK
2025-07-03 16:56:12,719 [AWT-EventQueue-0] INFO : Controllo estensione: OK
2025-07-03 16:56:12,719 [AWT-EventQueue-0] INFO : Inizio elaborazione
2025-07-03 16:56:12,722 [AWT-EventQueue-0] INFO : creazione file csv
2025-07-03 16:56:12,722 [AWT-EventQueue-0] INFO : File Csv creato correttamente
2025-07-03 16:59:46,052 [AWT-EventQueue-0] INFO : check before start elab
2025-07-03 16:59:46,052 [AWT-EventQueue-0] INFO : Selezione File: OK
2025-07-03 16:59:46,052 [AWT-EventQueue-0] INFO : Controllo estensione: OK
2025-07-03 16:59:46,052 [AWT-EventQueue-0] INFO : Inizio elaborazione
2025-07-03 16:59:46,052 [AWT-EventQueue-0] INFO : Caricamento XML Wanted List
2025-07-03 16:59:46,068 [AWT-EventQueue-0] INFO : Caricamento dati da BL
2025-07-03 16:59:46,068 [AWT-EventQueue-0] INFO : Avvio parsing multi-thread con 2 thread
2025-07-03 17:02:06,422 [AWT-EventQueue-0] INFO : check before start elab
2025-07-03 17:02:06,424 [AWT-EventQueue-0] INFO : Selezione File: OK
2025-07-03 17:02:06,424 [AWT-EventQueue-0] INFO : Controllo estensione: OK
2025-07-03 17:02:06,424 [AWT-EventQueue-0] INFO : Inizio elaborazione
2025-07-03 17:02:06,488 [AWT-EventQueue-0] INFO : Caricamento XML Wanted List
2025-07-03 17:02:06,499 [AWT-EventQueue-0] INFO : Caricamento dati da BL
2025-07-03 17:02:06,499 [AWT-EventQueue-0] INFO : Avvio parsing multi-thread con 2 thread
2025-07-03 17:02:06,504 [pool-2-thread-2] INFO : Thread pool-2-thread-2 → componente 2/8
2025-07-03 17:02:06,504 [pool-2-thread-1] INFO : Thread pool-2-thread-1 → componente 1/8
2025-07-03 17:02:17,102 [pool-2-thread-2] INFO : analisi item: 32828 per store: brickina
2025-07-03 17:02:17,102 [pool-2-thread-1] INFO : analisi item: 6190 per store: brickina
2025-07-03 17:02:23,761 [pool-2-thread-2] INFO : analisi item: 32828 per store: BunteSteinewelt
2025-07-03 17:02:25,335 [pool-2-thread-2] INFO : Thread pool-2-thread-2 → componente 3/8
2025-07-03 17:02:26,284 [pool-2-thread-1] INFO : analisi item: 6190 per store: BunteSteinewelt
2025-07-03 17:02:27,364 [pool-2-thread-1] INFO : Thread pool-2-thread-1 → componente 4/8
2025-07-03 17:02:34,849 [pool-2-thread-2] INFO : analisi item: 48729b per store: brickina
2025-07-03 17:02:35,689 [pool-2-thread-1] INFO : analisi item: 30374 per store: brickina
2025-07-03 17:02:44,372 [pool-2-thread-2] INFO : analisi item: 48729b per store: BunteSteinewelt
2025-07-03 17:02:44,573 [pool-2-thread-1] INFO : analisi item: 30374 per store: BunteSteinewelt
2025-07-03 17:02:45,557 [pool-2-thread-2] INFO : Thread pool-2-thread-2 → componente 5/8
2025-07-03 17:02:45,908 [pool-2-thread-1] INFO : Thread pool-2-thread-1 → componente 6/8
2025-07-03 17:02:52,646 [pool-2-thread-1] INFO : analisi item: 23443 per store: brickina
2025-07-03 17:02:52,977 [pool-2-thread-2] INFO : analisi item: 63965 per store: brickina
2025-07-03 17:02:59,061 [pool-2-thread-2] INFO : analisi item: 63965 per store: BunteSteinewelt
2025-07-03 17:03:00,195 [pool-2-thread-2] INFO : Thread pool-2-thread-2 → componente 7/8
2025-07-03 17:03:01,048 [pool-2-thread-1] INFO : analisi item: 23443 per store: BunteSteinewelt
2025-07-03 17:03:02,613 [pool-2-thread-1] INFO : Thread pool-2-thread-1 → componente 8/8
2025-07-03 17:03:05,354 [pool-2-thread-1] INFO : analisi item: 99780 per store: brickina
2025-07-03 17:03:09,117 [pool-2-thread-2] INFO : analisi item: 73825 per store: brickina
2025-07-03 17:03:12,212 [pool-2-thread-1] INFO : analisi item: 99780 per store: BunteSteinewelt
2025-07-03 17:03:17,200 [pool-2-thread-2] INFO : analisi item: 73825 per store: BunteSteinewelt
2025-07-03 17:03:28,358 [pool-2-thread-1] WARN : ⚠️ Nessun articolo trovato nello store BunteSteinewelt per item 99780
2025-07-03 17:03:28,477 [AWT-EventQueue-0] INFO : Caricamento dati da Lego
2025-07-03 17:03:28,478 [AWT-EventQueue-0] INFO : Avvio parsing multi-thread con 2 thread
2025-07-03 17:03:28,478 [pool-3-thread-1] INFO : Thread pool-3-thread-1 → componente 1/8
2025-07-03 17:03:28,478 [pool-3-thread-2] INFO : Thread pool-3-thread-2 → componente 2/8
2025-07-03 17:03:33,700 [pool-3-thread-2] INFO : analisi item: 32828 per store LEGO 
2025-07-03 17:03:35,112 [pool-3-thread-1] INFO : analisi item: 6190 per store LEGO 
2025-07-03 17:03:37,866 [pool-3-thread-2] INFO : 🧱 Elemento #1 → Titolo: PLATE 1X1 ROUND W/ HORIZONTAL 3.2 SHAFT, ID: 6196548, Prezzo: 0,05
2025-07-03 17:03:37,975 [pool-3-thread-2] INFO : Thread pool-3-thread-2 → componente 3/8
2025-07-03 17:03:38,075 [pool-3-thread-1] INFO : 🧱 Elemento #1 → Titolo: TELEPHONE RECEIVER, ID: 6151289, Prezzo: 0,13
2025-07-03 17:03:38,177 [pool-3-thread-1] INFO : Thread pool-3-thread-1 → componente 4/8
2025-07-03 17:03:41,979 [pool-3-thread-1] INFO : analisi item: 30374 per store LEGO 
2025-07-03 17:03:43,207 [pool-3-thread-2] INFO : analisi item: 48729b per store LEGO 
2025-07-03 17:04:00,260 [pool-3-thread-1] WARN : ⚠️ Nessun elemento 'pab-item' trovato per item 30374
2025-07-03 17:04:00,379 [pool-3-thread-1] INFO : Thread pool-3-thread-1 → componente 5/8
2025-07-03 17:04:02,329 [pool-3-thread-2] WARN : ⚠️ Nessun elemento 'pab-item' trovato per item 48729b
2025-07-03 17:04:02,449 [pool-3-thread-2] INFO : Thread pool-3-thread-2 → componente 6/8
2025-07-03 17:04:05,838 [pool-3-thread-1] INFO : analisi item: 63965 per store LEGO 
2025-07-03 17:04:06,180 [pool-3-thread-2] INFO : analisi item: 23443 per store LEGO 
2025-07-03 17:04:25,627 [pool-3-thread-2] WARN : ⚠️ Nessun elemento 'pab-item' trovato per item 23443
2025-07-03 17:04:25,748 [pool-3-thread-2] INFO : Thread pool-3-thread-2 → componente 7/8
2025-07-03 17:04:30,324 [pool-3-thread-2] INFO : analisi item: 73825 per store LEGO 
2025-07-03 17:04:35,464 [pool-3-thread-2] INFO : 🧱 Elemento #1 → Titolo: PLATE 1X1, W/ 1.5 PLATE 1X2, UPWARDS, ID: 6335317, Prezzo: 0,13
2025-07-03 17:04:35,579 [pool-3-thread-2] INFO : Thread pool-3-thread-2 → componente 8/8
2025-07-03 17:04:42,902 [pool-3-thread-2] INFO : analisi item: 99780 per store LEGO 
2025-07-03 17:04:45,193 [pool-3-thread-1] WARN : ⚠️ Nessun elemento 'pab-item' trovato per item 63965
2025-07-03 17:04:45,671 [pool-3-thread-2] INFO : 🧱 Elemento #1 → Titolo: ANGULAR PLATE 1.5 BOT. 1X2 1/2, ID: 6020193, Prezzo: 0,10
2025-07-03 17:04:45,880 [AWT-EventQueue-0] INFO : creazione file csv
2025-07-03 17:04:45,897 [AWT-EventQueue-0] INFO : File Csv creato correttamente
2025-07-04 09:24:34,806 [AWT-EventQueue-0] INFO : check before start elab
2025-07-04 09:24:34,809 [AWT-EventQueue-0] INFO : Selezione File: OK
2025-07-04 09:24:34,809 [AWT-EventQueue-0] INFO : Controllo estensione: OK
2025-07-04 09:24:34,809 [AWT-EventQueue-0] INFO : Inizio elaborazione
2025-07-04 09:24:34,903 [AWT-EventQueue-0] INFO : Caricamento XML Wanted List
2025-07-04 09:24:34,931 [AWT-EventQueue-0] INFO : Caricamento dati da BL
2025-07-04 09:24:34,932 [AWT-EventQueue-0] INFO : Avvio parsing multi-thread con 3 thread
2025-07-04 09:24:34,937 [pool-3-thread-1] INFO : Thread pool-3-thread-1 → componente 1/58
2025-07-04 09:24:34,937 [pool-3-thread-3] INFO : Thread pool-3-thread-3 → componente 3/58
2025-07-04 09:24:34,937 [pool-3-thread-2] INFO : Thread pool-3-thread-2 → componente 2/58
2025-07-04 09:24:43,920 [pool-3-thread-3] INFO : analisi item: 2614 per store: mbod
2025-07-04 09:24:45,818 [pool-3-thread-2] INFO : analisi item: 98128 per store: mbod
2025-07-04 09:24:48,014 [pool-3-thread-1] INFO : analisi item: 25375 per store: mbod
2025-07-04 09:24:52,367 [pool-3-thread-2] INFO : analisi item: 98128 per store: PaoloBitta
2025-07-04 09:24:53,093 [pool-3-thread-3] INFO : analisi item: 2614 per store: PaoloBitta
2025-07-04 09:24:58,398 [pool-3-thread-2] INFO : analisi item: 98128 per store: GetStones24
2025-07-04 09:24:58,656 [pool-3-thread-3] INFO : analisi item: 2614 per store: GetStones24
2025-07-04 09:25:00,089 [pool-3-thread-1] INFO : analisi item: 25375 per store: PaoloBitta
2025-07-04 09:25:00,707 [pool-3-thread-2] INFO : Thread pool-3-thread-2 → componente 4/58
2025-07-04 09:25:02,307 [pool-3-thread-3] INFO : Thread pool-3-thread-3 → componente 5/58
2025-07-04 09:25:04,904 [pool-3-thread-2] INFO : analisi item: 30340 per store: mbod
2025-07-04 09:25:07,594 [pool-3-thread-1] INFO : analisi item: 25375 per store: GetStones24
2025-07-04 09:25:14,410 [pool-3-thread-3] INFO : analisi item: 47456 per store: mbod
2025-07-04 09:25:23,337 [pool-3-thread-2] WARN : ⚠️ Nessun articolo trovato nello store mbod per item 30340
2025-07-04 09:25:23,632 [pool-3-thread-1] WARN : ⚠️ Nessun articolo trovato nello store GetStones24 per item 25375
2025-07-04 09:25:23,757 [pool-3-thread-1] INFO : Thread pool-3-thread-1 → componente 6/58
2025-07-04 09:25:24,420 [pool-3-thread-2] INFO : analisi item: 30340 per store: PaoloBitta
2025-07-04 09:25:26,413 [pool-3-thread-3] INFO : analisi item: 47456 per store: PaoloBitta
2025-07-04 09:25:31,977 [pool-3-thread-1] INFO : analisi item: 92338 per store: mbod
2025-07-04 09:25:32,447 [pool-3-thread-3] INFO : analisi item: 47456 per store: GetStones24
2025-07-04 09:25:39,246 [pool-3-thread-1] INFO : analisi item: 92338 per store: PaoloBitta
2025-07-04 09:25:40,616 [pool-3-thread-2] WARN : ⚠️ Nessun articolo trovato nello store PaoloBitta per item 30340
2025-07-04 09:25:45,992 [pool-3-thread-2] INFO : analisi item: 30340 per store: GetStones24
2025-07-04 09:25:47,590 [pool-3-thread-2] INFO : Thread pool-3-thread-2 → componente 7/58
2025-07-04 09:25:48,477 [pool-3-thread-3] WARN : ⚠️ Nessun articolo trovato nello store GetStones24 per item 47456
2025-07-04 09:25:48,574 [pool-3-thread-3] INFO : Thread pool-3-thread-3 → componente 8/58
2025-07-04 09:25:51,248 [pool-3-thread-3] INFO : analisi item: 87747 per store: mbod
2025-07-04 09:25:51,834 [pool-3-thread-2] INFO : analisi item: 98141 per store: mbod
2025-07-04 09:25:55,393 [pool-3-thread-1] WARN : ⚠️ Nessun articolo trovato nello store PaoloBitta per item 92338
2025-07-04 09:25:58,375 [pool-3-thread-3] INFO : analisi item: 87747 per store: PaoloBitta
2025-07-04 09:25:59,378 [pool-3-thread-1] INFO : analisi item: 92338 per store: GetStones24
2025-07-04 09:26:00,764 [pool-3-thread-2] INFO : analisi item: 98141 per store: PaoloBitta
2025-07-04 09:26:01,131 [pool-3-thread-1] INFO : Thread pool-3-thread-1 → componente 9/58
2025-07-04 09:26:04,255 [pool-3-thread-1] INFO : analisi item: 24588 per store: mbod
2025-07-04 09:26:06,557 [pool-3-thread-2] INFO : analisi item: 98141 per store: GetStones24
2025-07-04 09:26:08,453 [pool-3-thread-2] INFO : Thread pool-3-thread-2 → componente 10/58
2025-07-04 09:26:11,969 [pool-3-thread-1] INFO : analisi item: 24588 per store: PaoloBitta
2025-07-04 09:26:13,912 [pool-3-thread-1] INFO : analisi item: 24588 per store: GetStones24
2025-07-04 09:26:14,325 [pool-3-thread-3] WARN : ⚠️ Nessun articolo trovato nello store PaoloBitta per item 87747
2025-07-04 09:26:15,545 [pool-3-thread-1] INFO : Thread pool-3-thread-1 → componente 11/58
2025-07-04 09:26:19,134 [pool-3-thread-3] INFO : analisi item: 87747 per store: GetStones24
2025-07-04 09:26:19,515 [pool-3-thread-2] INFO : analisi item: 90391pb03 per store: mbod
2025-07-04 09:26:26,324 [pool-3-thread-1] INFO : analisi item: 18962 per store: mbod
2025-07-04 09:26:35,201 [pool-3-thread-3] WARN : ⚠️ Nessun articolo trovato nello store GetStones24 per item 87747
2025-07-04 09:26:35,327 [pool-3-thread-3] INFO : Thread pool-3-thread-3 → componente 12/58
2025-07-04 09:26:35,451 [pool-3-thread-1] INFO : analisi item: 18962 per store: PaoloBitta
2025-07-04 09:26:37,869 [pool-3-thread-2] WARN : ⚠️ Nessun articolo trovato nello store mbod per item 90391pb03
2025-07-04 09:26:42,831 [pool-3-thread-3] INFO : analisi item: 23986 per store: mbod
2025-07-04 09:26:44,865 [pool-3-thread-2] INFO : analisi item: 90391pb03 per store: PaoloBitta
2025-07-04 09:26:51,888 [pool-3-thread-1] WARN : ⚠️ Nessun articolo trovato nello store PaoloBitta per item 18962
2025-07-04 09:26:53,989 [pool-3-thread-3] INFO : analisi item: 23986 per store: PaoloBitta
2025-07-04 09:26:57,954 [pool-3-thread-1] INFO : analisi item: 18962 per store: GetStones24
2025-07-04 09:26:59,613 [pool-3-thread-1] INFO : Thread pool-3-thread-1 → componente 13/58
2025-07-04 09:27:01,078 [pool-3-thread-2] WARN : ⚠️ Nessun articolo trovato nello store PaoloBitta per item 90391pb03
2025-07-04 09:27:01,918 [pool-3-thread-3] INFO : analisi item: 23986 per store: GetStones24
2025-07-04 09:27:03,526 [pool-3-thread-3] INFO : Thread pool-3-thread-3 → componente 14/58
2025-07-04 09:27:05,523 [pool-3-thread-2] INFO : analisi item: 90391pb03 per store: GetStones24
2025-07-04 09:27:05,618 [pool-3-thread-1] INFO : analisi item: 3062 per store: mbod
2025-07-04 09:27:07,058 [pool-3-thread-2] INFO : Thread pool-3-thread-2 → componente 15/58
2025-07-04 09:27:08,497 [pool-3-thread-3] INFO : analisi item: 11212 per store: mbod
2025-07-04 09:27:12,618 [pool-3-thread-3] INFO : analisi item: 11212 per store: PaoloBitta
2025-07-04 09:27:16,832 [pool-3-thread-1] INFO : analisi item: 3062 per store: PaoloBitta
2025-07-04 09:27:18,529 [pool-3-thread-2] INFO : analisi item: 87609 per store: mbod
2025-07-04 09:27:20,998 [pool-3-thread-3] INFO : analisi item: 11212 per store: GetStones24
2025-07-04 09:27:21,787 [pool-3-thread-1] INFO : analisi item: 3062 per store: GetStones24
2025-07-04 09:27:22,700 [pool-3-thread-3] INFO : Thread pool-3-thread-3 → componente 16/58
2025-07-04 09:27:26,347 [pool-3-thread-2] INFO : analisi item: 87609 per store: PaoloBitta
2025-07-04 09:27:29,558 [pool-3-thread-3] INFO : analisi item: 30099 per store: mbod
2025-07-04 09:27:34,636 [pool-3-thread-2] INFO : analisi item: 87609 per store: GetStones24
2025-07-04 09:27:38,370 [pool-3-thread-1] WARN : ⚠️ Nessun articolo trovato nello store GetStones24 per item 3062
2025-07-04 09:27:38,492 [pool-3-thread-1] INFO : Thread pool-3-thread-1 → componente 17/58
2025-07-04 09:27:47,689 [pool-3-thread-1] INFO : analisi item: 16577 per store: mbod
2025-07-04 09:27:48,003 [pool-3-thread-3] WARN : ⚠️ Nessun articolo trovato nello store mbod per item 30099
2025-07-04 09:27:50,639 [pool-3-thread-2] WARN : ⚠️ Nessun articolo trovato nello store GetStones24 per item 87609
2025-07-04 09:27:50,765 [pool-3-thread-2] INFO : Thread pool-3-thread-2 → componente 18/58
2025-07-04 09:27:52,000 [pool-3-thread-1] INFO : analisi item: 16577 per store: PaoloBitta
2025-07-04 09:27:53,829 [pool-3-thread-3] INFO : analisi item: 30099 per store: PaoloBitta
2025-07-04 09:27:54,667 [pool-3-thread-2] INFO : analisi item: 93061 per store: mbod
2025-07-04 09:27:56,589 [pool-3-thread-3] INFO : analisi item: 30099 per store: GetStones24
2025-07-04 09:27:58,223 [pool-3-thread-3] INFO : Thread pool-3-thread-3 → componente 19/58
2025-07-04 09:28:00,093 [pool-3-thread-1] INFO : analisi item: 16577 per store: GetStones24
2025-07-04 09:28:01,748 [pool-3-thread-3] INFO : analisi item: 62113 per store: mbod
2025-07-04 09:28:13,213 [pool-3-thread-2] WARN : ⚠️ Nessun articolo trovato nello store mbod per item 93061
2025-07-04 09:28:13,784 [pool-3-thread-3] INFO : analisi item: 62113 per store: PaoloBitta
2025-07-04 09:28:16,237 [pool-3-thread-1] WARN : ⚠️ Nessun articolo trovato nello store GetStones24 per item 16577
2025-07-04 09:28:16,338 [pool-3-thread-1] INFO : Thread pool-3-thread-1 → componente 20/58
2025-07-04 09:28:17,280 [pool-3-thread-2] INFO : analisi item: 93061 per store: PaoloBitta
2025-07-04 09:28:18,793 [pool-3-thread-3] INFO : analisi item: 62113 per store: GetStones24
2025-07-04 09:28:26,745 [pool-3-thread-1] INFO : analisi item: 30104 per store: mbod
2025-07-04 09:28:33,437 [pool-3-thread-2] WARN : ⚠️ Nessun articolo trovato nello store PaoloBitta per item 93061
2025-07-04 09:28:35,097 [pool-3-thread-2] INFO : analisi item: 93061 per store: GetStones24
2025-07-04 09:28:35,352 [pool-3-thread-3] WARN : ⚠️ Nessun articolo trovato nello store GetStones24 per item 62113
2025-07-04 09:28:35,468 [pool-3-thread-3] INFO : Thread pool-3-thread-3 → componente 21/58
2025-07-04 09:28:36,936 [pool-3-thread-2] INFO : Thread pool-3-thread-2 → componente 22/58
2025-07-04 09:28:38,885 [pool-3-thread-1] INFO : analisi item: 30104 per store: PaoloBitta
2025-07-04 09:28:42,902 [pool-3-thread-1] INFO : analisi item: 30104 per store: GetStones24
2025-07-04 09:28:44,427 [pool-3-thread-3] INFO : analisi item: 15571 per store: mbod
2025-07-04 09:28:44,631 [pool-3-thread-1] INFO : Thread pool-3-thread-1 → componente 23/58
2025-07-04 09:28:44,909 [pool-3-thread-2] INFO : analisi item: 63864 per store: mbod
2025-07-04 09:28:51,030 [pool-3-thread-1] INFO : analisi item: 23950 per store: mbod
2025-07-04 09:28:51,658 [pool-3-thread-3] INFO : analisi item: 15571 per store: PaoloBitta
2025-07-04 09:28:53,250 [pool-3-thread-2] INFO : analisi item: 63864 per store: PaoloBitta
2025-07-04 09:28:56,441 [pool-3-thread-2] INFO : analisi item: 63864 per store: GetStones24
2025-07-04 09:28:58,127 [pool-3-thread-2] INFO : Thread pool-3-thread-2 → componente 24/58
2025-07-04 09:28:58,776 [pool-3-thread-3] INFO : analisi item: 15571 per store: GetStones24
2025-07-04 09:28:59,572 [pool-3-thread-1] INFO : analisi item: 23950 per store: PaoloBitta
2025-07-04 09:29:05,227 [pool-3-thread-2] INFO : analisi item: 15068 per store: mbod
2025-07-04 09:29:12,310 [pool-3-thread-2] INFO : analisi item: 15068 per store: PaoloBitta
2025-07-04 09:29:13,920 [pool-3-thread-2] INFO : analisi item: 15068 per store: GetStones24
2025-07-04 09:29:15,011 [pool-3-thread-3] WARN : ⚠️ Nessun articolo trovato nello store GetStones24 per item 15571
2025-07-04 09:29:15,130 [pool-3-thread-3] INFO : Thread pool-3-thread-3 → componente 25/58
2025-07-04 09:29:15,660 [pool-3-thread-1] WARN : ⚠️ Nessun articolo trovato nello store PaoloBitta per item 23950
2025-07-04 09:29:21,671 [pool-3-thread-1] INFO : analisi item: 23950 per store: GetStones24
2025-07-04 09:29:22,401 [pool-3-thread-3] INFO : analisi item: 93059 per store: mbod
2025-07-04 09:29:26,579 [pool-3-thread-3] INFO : analisi item: 93059 per store: PaoloBitta
2025-07-04 09:29:30,127 [pool-3-thread-2] WARN : ⚠️ Nessun articolo trovato nello store GetStones24 per item 15068
2025-07-04 09:29:30,261 [pool-3-thread-2] INFO : Thread pool-3-thread-2 → componente 26/58
2025-07-04 09:29:31,233 [pool-3-thread-3] INFO : analisi item: 93059 per store: GetStones24
2025-07-04 09:29:32,939 [pool-3-thread-3] INFO : Thread pool-3-thread-3 → componente 27/58
2025-07-04 09:29:37,684 [pool-3-thread-3] INFO : analisi item: 4589b per store: mbod
2025-07-04 09:29:37,827 [pool-3-thread-1] WARN : ⚠️ Nessun articolo trovato nello store GetStones24 per item 23950
2025-07-04 09:29:37,925 [pool-3-thread-1] INFO : Thread pool-3-thread-1 → componente 28/58
2025-07-04 09:29:38,987 [pool-3-thread-2] INFO : analisi item: 4070 per store: mbod
2025-07-04 09:29:42,048 [pool-3-thread-3] INFO : analisi item: 4589b per store: PaoloBitta
2025-07-04 09:29:44,674 [pool-3-thread-1] INFO : analisi item: 3068 per store: mbod
2025-07-04 09:29:46,915 [pool-3-thread-2] INFO : analisi item: 4070 per store: PaoloBitta
2025-07-04 09:29:47,364 [pool-3-thread-3] INFO : analisi item: 4589b per store: GetStones24
2025-07-04 09:29:53,581 [pool-3-thread-2] INFO : analisi item: 4070 per store: GetStones24
2025-07-04 09:29:53,799 [pool-3-thread-1] INFO : analisi item: 3068 per store: PaoloBitta
2025-07-04 09:29:55,435 [pool-3-thread-2] INFO : Thread pool-3-thread-2 → componente 29/58
2025-07-04 09:29:57,036 [pool-3-thread-1] INFO : analisi item: 3068 per store: GetStones24
2025-07-04 09:29:58,570 [pool-3-thread-1] INFO : Thread pool-3-thread-1 → componente 30/58
2025-07-04 09:30:02,541 [pool-3-thread-2] INFO : analisi item: 50305 per store: mbod
2025-07-04 09:30:03,582 [pool-3-thread-3] WARN : ⚠️ Nessun articolo trovato nello store GetStones24 per item 4589b
2025-07-04 09:30:03,704 [pool-3-thread-3] INFO : Thread pool-3-thread-3 → componente 31/58
2025-07-04 09:30:05,740 [pool-3-thread-1] INFO : analisi item: 50304 per store: mbod
2025-07-04 09:30:10,049 [pool-3-thread-1] INFO : analisi item: 50304 per store: PaoloBitta
2025-07-04 09:30:10,703 [pool-3-thread-3] INFO : analisi item: 4085d per store: mbod
2025-07-04 09:30:13,511 [pool-3-thread-1] INFO : analisi item: 50304 per store: GetStones24
2025-07-04 09:30:20,538 [pool-3-thread-3] INFO : analisi item: 4085d per store: PaoloBitta
2025-07-04 09:30:21,120 [pool-3-thread-2] WARN : ⚠️ Nessun articolo trovato nello store mbod per item 50305
2025-07-04 09:30:22,074 [pool-3-thread-2] INFO : analisi item: 50305 per store: PaoloBitta
2025-07-04 09:30:24,237 [pool-3-thread-2] INFO : analisi item: 50305 per store: GetStones24
2025-07-04 09:30:27,203 [pool-3-thread-3] INFO : analisi item: 4085d per store: GetStones24
2025-07-04 09:30:29,909 [pool-3-thread-1] WARN : ⚠️ Nessun articolo trovato nello store GetStones24 per item 50304
2025-07-04 09:30:30,015 [pool-3-thread-1] INFO : Thread pool-3-thread-1 → componente 32/58
2025-07-04 09:30:38,544 [pool-3-thread-1] INFO : analisi item: 60470b per store: mbod
2025-07-04 09:30:40,272 [pool-3-thread-2] WARN : ⚠️ Nessun articolo trovato nello store GetStones24 per item 50305
2025-07-04 09:30:40,376 [pool-3-thread-2] INFO : Thread pool-3-thread-2 → componente 33/58
2025-07-04 09:30:43,284 [pool-3-thread-3] WARN : ⚠️ Nessun articolo trovato nello store GetStones24 per item 4085d
2025-07-04 09:30:43,397 [pool-3-thread-3] INFO : Thread pool-3-thread-3 → componente 34/58
2025-07-04 09:30:46,793 [pool-3-thread-1] INFO : analisi item: 60470b per store: PaoloBitta
2025-07-04 09:30:47,999 [pool-3-thread-2] INFO : analisi item: 6005 per store: mbod
2025-07-04 09:30:48,515 [pool-3-thread-1] INFO : analisi item: 60470b per store: GetStones24
2025-07-04 09:30:49,623 [pool-3-thread-3] INFO : analisi item: 6060 per store: mbod
2025-07-04 09:30:54,579 [pool-3-thread-3] INFO : analisi item: 6060 per store: PaoloBitta
2025-07-04 09:30:57,470 [pool-3-thread-2] INFO : analisi item: 6005 per store: PaoloBitta
2025-07-04 09:31:04,638 [pool-3-thread-1] WARN : ⚠️ Nessun articolo trovato nello store GetStones24 per item 60470b
2025-07-04 09:31:04,741 [pool-3-thread-1] INFO : Thread pool-3-thread-1 → componente 35/58
2025-07-04 09:31:10,854 [pool-3-thread-3] WARN : ⚠️ Nessun articolo trovato nello store PaoloBitta per item 6060
2025-07-04 09:31:13,874 [pool-3-thread-2] WARN : ⚠️ Nessun articolo trovato nello store PaoloBitta per item 6005
2025-07-04 09:31:14,426 [pool-3-thread-1] INFO : analisi item: 47458 per store: mbod
2025-07-04 09:31:14,487 [pool-3-thread-3] INFO : analisi item: 6060 per store: GetStones24
2025-07-04 09:31:18,801 [pool-3-thread-2] INFO : analisi item: 6005 per store: GetStones24
2025-07-04 09:31:22,706 [pool-3-thread-1] INFO : analisi item: 47458 per store: PaoloBitta
2025-07-04 09:31:27,006 [pool-3-thread-1] INFO : analisi item: 47458 per store: GetStones24
2025-07-04 09:31:28,803 [pool-3-thread-1] INFO : Thread pool-3-thread-1 → componente 36/58
2025-07-04 09:31:30,435 [pool-3-thread-3] WARN : ⚠️ Nessun articolo trovato nello store GetStones24 per item 6060
2025-07-04 09:31:30,546 [pool-3-thread-3] INFO : Thread pool-3-thread-3 → componente 37/58
2025-07-04 09:31:34,846 [pool-3-thread-2] WARN : ⚠️ Nessun articolo trovato nello store GetStones24 per item 6005
2025-07-04 09:31:34,967 [pool-3-thread-2] INFO : Thread pool-3-thread-2 → componente 38/58
2025-07-04 09:31:37,609 [pool-3-thread-1] INFO : analisi item: 43719 per store: mbod
2025-07-04 09:31:40,625 [pool-3-thread-2] INFO : analisi item: 33085 per store: mbod
2025-07-04 09:31:40,829 [pool-3-thread-3] INFO : analisi item: 63864 per store: mbod
2025-07-04 09:31:46,695 [pool-3-thread-1] INFO : analisi item: 43719 per store: PaoloBitta
2025-07-04 09:31:48,074 [pool-3-thread-3] INFO : analisi item: 63864 per store: PaoloBitta
2025-07-04 09:31:50,669 [pool-3-thread-1] INFO : analisi item: 43719 per store: GetStones24
2025-07-04 09:31:52,757 [pool-3-thread-1] INFO : Thread pool-3-thread-1 → componente 39/58
2025-07-04 09:32:00,219 [pool-3-thread-2] WARN : ⚠️ Nessun articolo trovato nello store mbod per item 33085
2025-07-04 09:32:01,282 [pool-3-thread-2] INFO : analisi item: 33085 per store: PaoloBitta
2025-07-04 09:32:01,520 [pool-3-thread-1] INFO : analisi item: 64644 per store: mbod
2025-07-04 09:32:04,475 [pool-3-thread-3] WARN : ⚠️ Nessun articolo trovato nello store PaoloBitta per item 63864
2025-07-04 09:32:05,497 [pool-3-thread-3] INFO : analisi item: 63864 per store: GetStones24
2025-07-04 09:32:08,588 [pool-3-thread-1] INFO : analisi item: 64644 per store: PaoloBitta
2025-07-04 09:32:13,579 [pool-3-thread-1] INFO : analisi item: 64644 per store: GetStones24
2025-07-04 09:32:15,280 [pool-3-thread-1] INFO : Thread pool-3-thread-1 → componente 40/58
2025-07-04 09:32:17,416 [pool-3-thread-2] WARN : ⚠️ Nessun articolo trovato nello store PaoloBitta per item 33085
2025-07-04 09:32:18,138 [pool-3-thread-2] INFO : analisi item: 33085 per store: GetStones24
2025-07-04 09:32:19,702 [pool-3-thread-2] INFO : Thread pool-3-thread-2 → componente 41/58
2025-07-04 09:32:21,527 [pool-3-thread-3] WARN : ⚠️ Nessun articolo trovato nello store GetStones24 per item 63864
2025-07-04 09:32:21,672 [pool-3-thread-3] INFO : Thread pool-3-thread-3 → componente 42/58
2025-07-04 09:32:25,258 [pool-3-thread-1] INFO : analisi item: 87087 per store: mbod
2025-07-04 09:32:26,396 [pool-3-thread-2] INFO : analisi item: 15210 per store: mbod
2025-07-04 09:32:28,227 [pool-3-thread-3] INFO : analisi item: 11215 per store: mbod
2025-07-04 09:32:34,438 [pool-3-thread-1] INFO : analisi item: 87087 per store: PaoloBitta
2025-07-04 09:32:35,558 [pool-3-thread-2] INFO : analisi item: 15210 per store: PaoloBitta
2025-07-04 09:32:37,053 [pool-3-thread-3] INFO : analisi item: 11215 per store: PaoloBitta
2025-07-04 09:32:39,448 [pool-3-thread-3] INFO : analisi item: 11215 per store: GetStones24
2025-07-04 09:32:39,947 [pool-3-thread-1] INFO : analisi item: 87087 per store: GetStones24
2025-07-04 09:32:41,349 [pool-3-thread-3] INFO : Thread pool-3-thread-3 → componente 43/58
2025-07-04 09:32:44,033 [pool-3-thread-3] INFO : analisi item: 87580 per store: mbod
2025-07-04 09:32:51,829 [pool-3-thread-2] WARN : ⚠️ Nessun articolo trovato nello store PaoloBitta per item 15210
2025-07-04 09:32:52,881 [pool-3-thread-2] INFO : analisi item: 15210 per store: GetStones24
2025-07-04 09:32:54,237 [pool-3-thread-3] INFO : analisi item: 87580 per store: PaoloBitta
2025-07-04 09:32:54,645 [pool-3-thread-2] INFO : Thread pool-3-thread-2 → componente 44/58
2025-07-04 09:32:55,971 [pool-3-thread-1] WARN : ⚠️ Nessun articolo trovato nello store GetStones24 per item 87087
2025-07-04 09:32:56,084 [pool-3-thread-1] INFO : Thread pool-3-thread-1 → componente 45/58
2025-07-04 09:32:56,550 [pool-3-thread-3] INFO : analisi item: 87580 per store: GetStones24
2025-07-04 09:32:58,459 [pool-3-thread-3] INFO : Thread pool-3-thread-3 → componente 46/58
2025-07-04 09:33:00,152 [pool-3-thread-3] INFO : analisi item: 3626 per store: mbod
2025-07-04 09:33:03,960 [pool-3-thread-1] INFO : analisi item: 3626 per store: mbod
2025-07-04 09:33:05,469 [pool-3-thread-2] INFO : analisi item: 3633 per store: mbod
2025-07-04 09:33:07,784 [pool-3-thread-3] INFO : analisi item: 3626 per store: PaoloBitta
2025-07-04 09:33:09,824 [pool-3-thread-1] INFO : analisi item: 3626 per store: PaoloBitta
2025-07-04 09:33:14,147 [pool-3-thread-2] INFO : analisi item: 3633 per store: PaoloBitta
2025-07-04 09:33:14,882 [pool-3-thread-3] INFO : analisi item: 3626 per store: GetStones24
2025-07-04 09:33:16,742 [pool-3-thread-3] INFO : Thread pool-3-thread-3 → componente 47/58
2025-07-04 09:33:22,360 [pool-3-thread-2] INFO : analisi item: 3633 per store: GetStones24
2025-07-04 09:33:26,150 [pool-3-thread-1] WARN : ⚠️ Nessun articolo trovato nello store PaoloBitta per item 3626
2025-07-04 09:33:27,177 [pool-3-thread-1] INFO : analisi item: 3626 per store: GetStones24
2025-07-04 09:33:28,760 [pool-3-thread-3] INFO : analisi item: 6636 per store: mbod
2025-07-04 09:33:28,935 [pool-3-thread-1] INFO : Thread pool-3-thread-1 → componente 48/58
2025-07-04 09:33:37,229 [pool-3-thread-3] INFO : analisi item: 6636 per store: PaoloBitta
2025-07-04 09:33:38,358 [pool-3-thread-2] WARN : ⚠️ Nessun articolo trovato nello store GetStones24 per item 3633
2025-07-04 09:33:38,463 [pool-3-thread-2] INFO : Thread pool-3-thread-2 → componente 49/58
2025-07-04 09:33:40,621 [pool-3-thread-3] INFO : analisi item: 6636 per store: GetStones24
2025-07-04 09:33:41,645 [pool-3-thread-1] INFO : analisi item: 51739 per store: mbod
2025-07-04 09:33:45,693 [pool-3-thread-2] INFO : analisi item: 60478 per store: mbod
2025-07-04 09:33:51,131 [pool-3-thread-1] INFO : analisi item: 51739 per store: PaoloBitta
2025-07-04 09:33:55,838 [pool-3-thread-2] INFO : analisi item: 60478 per store: PaoloBitta
2025-07-04 09:33:56,559 [pool-3-thread-3] WARN : ⚠️ Nessun articolo trovato nello store GetStones24 per item 6636
2025-07-04 09:33:56,705 [pool-3-thread-3] INFO : Thread pool-3-thread-3 → componente 50/58
2025-07-04 09:33:58,277 [pool-3-thread-1] INFO : analisi item: 51739 per store: GetStones24
2025-07-04 09:33:58,765 [pool-3-thread-2] INFO : analisi item: 60478 per store: GetStones24
2025-07-04 09:34:08,236 [pool-3-thread-3] INFO : analisi item: 15571 per store: mbod
2025-07-04 09:34:14,258 [pool-3-thread-1] WARN : ⚠️ Nessun articolo trovato nello store GetStones24 per item 51739
2025-07-04 09:34:14,368 [pool-3-thread-1] INFO : Thread pool-3-thread-1 → componente 51/58
2025-07-04 09:34:15,011 [pool-3-thread-2] WARN : ⚠️ Nessun articolo trovato nello store GetStones24 per item 60478
2025-07-04 09:34:15,136 [pool-3-thread-2] INFO : Thread pool-3-thread-2 → componente 52/58
2025-07-04 09:34:15,873 [pool-3-thread-3] INFO : analisi item: 15571 per store: PaoloBitta
2025-07-04 09:34:20,141 [pool-3-thread-3] INFO : analisi item: 15571 per store: GetStones24
2025-07-04 09:34:23,147 [pool-3-thread-1] INFO : analisi item: 2339 per store: mbod
2025-07-04 09:34:27,453 [pool-3-thread-2] INFO : analisi item: 93609 per store: mbod
2025-07-04 09:34:32,455 [pool-3-thread-1] INFO : analisi item: 2339 per store: PaoloBitta
2025-07-04 09:34:36,461 [pool-3-thread-3] WARN : ⚠️ Nessun articolo trovato nello store GetStones24 per item 15571
2025-07-04 09:34:36,587 [pool-3-thread-3] INFO : Thread pool-3-thread-3 → componente 53/58
2025-07-04 09:34:37,749 [pool-3-thread-2] INFO : analisi item: 93609 per store: PaoloBitta
2025-07-04 09:34:39,484 [pool-3-thread-1] INFO : analisi item: 2339 per store: GetStones24
2025-07-04 09:34:42,429 [pool-3-thread-1] INFO : Thread pool-3-thread-1 → componente 54/58
2025-07-04 09:34:43,911 [pool-3-thread-2] INFO : analisi item: 93609 per store: GetStones24
2025-07-04 09:34:44,501 [pool-3-thread-3] INFO : analisi item: 60476 per store: mbod
2025-07-04 09:34:45,565 [pool-3-thread-2] INFO : Thread pool-3-thread-2 → componente 55/58
2025-07-04 09:34:51,205 [pool-3-thread-1] INFO : analisi item: 13564 per store: mbod
2025-07-04 09:34:53,820 [pool-3-thread-3] INFO : analisi item: 60476 per store: PaoloBitta
2025-07-04 09:34:54,882 [pool-3-thread-2] INFO : analisi item: 30126 per store: mbod
2025-07-04 09:34:55,622 [pool-3-thread-3] INFO : analisi item: 60476 per store: GetStones24
2025-07-04 09:34:55,962 [pool-3-thread-1] INFO : analisi item: 13564 per store: PaoloBitta
2025-07-04 09:35:01,630 [pool-3-thread-2] INFO : analisi item: 30126 per store: PaoloBitta
2025-07-04 09:35:03,333 [pool-3-thread-1] INFO : analisi item: 13564 per store: GetStones24
2025-07-04 09:35:04,987 [pool-3-thread-1] INFO : Thread pool-3-thread-1 → componente 56/58
2025-07-04 09:35:11,701 [pool-3-thread-3] WARN : ⚠️ Nessun articolo trovato nello store GetStones24 per item 60476
2025-07-04 09:35:11,867 [pool-3-thread-3] INFO : Thread pool-3-thread-3 → componente 57/58
2025-07-04 09:35:15,019 [pool-3-thread-1] INFO : analisi item: 19119 per store: mbod
2025-07-04 09:35:17,925 [pool-3-thread-2] WARN : ⚠️ Nessun articolo trovato nello store PaoloBitta per item 30126
2025-07-04 09:35:21,962 [pool-3-thread-2] INFO : analisi item: 30126 per store: GetStones24
2025-07-04 09:35:23,872 [pool-3-thread-2] INFO : Thread pool-3-thread-2 → componente 58/58
2025-07-04 09:35:25,053 [pool-3-thread-3] INFO : analisi item: 20482 per store: mbod
2025-07-04 09:35:25,425 [pool-3-thread-1] INFO : analisi item: 19119 per store: PaoloBitta
2025-07-04 09:35:27,783 [pool-3-thread-1] INFO : analisi item: 19119 per store: GetStones24
2025-07-04 09:35:34,841 [pool-3-thread-3] INFO : analisi item: 20482 per store: PaoloBitta
2025-07-04 09:35:36,162 [pool-3-thread-2] INFO : analisi item: 15470 per store: mbod
2025-07-04 09:35:38,431 [pool-3-thread-3] INFO : analisi item: 20482 per store: GetStones24
2025-07-04 09:35:40,708 [pool-3-thread-2] INFO : analisi item: 15470 per store: PaoloBitta
2025-07-04 09:35:48,374 [pool-3-thread-2] INFO : analisi item: 15470 per store: GetStones24
2025-07-04 09:35:50,109 [AWT-EventQueue-0] INFO : creazione file csv
2025-07-04 09:35:50,122 [AWT-EventQueue-0] INFO : File Csv creato correttamente
2025-07-04 09:41:51,388 [AWT-EventQueue-0] INFO : check before start elab
2025-07-04 09:41:51,390 [AWT-EventQueue-0] INFO : Selezione File: OK
2025-07-04 09:41:51,390 [AWT-EventQueue-0] INFO : Controllo estensione: OK
2025-07-04 09:41:51,390 [AWT-EventQueue-0] INFO : Inizio elaborazione
2025-07-04 09:41:51,496 [AWT-EventQueue-0] INFO : creazione file csv
2025-07-04 09:41:51,507 [AWT-EventQueue-0] INFO : File Csv creato correttamente
2025-07-04 09:43:12,112 [AWT-EventQueue-0] INFO : check before start elab
2025-07-04 09:43:12,114 [AWT-EventQueue-0] INFO : Selezione File: OK
2025-07-04 09:43:12,114 [AWT-EventQueue-0] INFO : Controllo estensione: OK
2025-07-04 09:43:12,114 [AWT-EventQueue-0] INFO : Inizio elaborazione
2025-07-04 09:43:12,134 [AWT-EventQueue-0] INFO : creazione file csv
2025-07-04 09:43:12,146 [AWT-EventQueue-0] INFO : File Csv creato correttamente
2025-07-04 09:43:25,210 [AWT-EventQueue-0] INFO : check before start elab
2025-07-04 09:43:25,210 [AWT-EventQueue-0] INFO : Selezione File: OK
2025-07-04 09:43:25,210 [AWT-EventQueue-0] INFO : Controllo estensione: OK
2025-07-04 09:43:25,211 [AWT-EventQueue-0] INFO : Inizio elaborazione
2025-07-04 09:43:25,215 [AWT-EventQueue-0] INFO : creazione file csv
2025-07-04 09:43:25,217 [AWT-EventQueue-0] INFO : File Csv creato correttamente
2025-07-04 09:48:05,226 [AWT-EventQueue-0] INFO : check before start elab
2025-07-04 09:48:05,227 [AWT-EventQueue-0] INFO : Selezione File: OK
2025-07-04 09:48:05,227 [AWT-EventQueue-0] INFO : Controllo estensione: OK
2025-07-04 09:48:05,228 [AWT-EventQueue-0] INFO : Inizio elaborazione
2025-07-04 09:48:05,254 [AWT-EventQueue-0] INFO : creazione file csv
2025-07-04 09:48:05,257 [AWT-EventQueue-0] INFO : File Csv creato correttamente
2025-07-04 09:54:22,745 [AWT-EventQueue-0] INFO : check before start elab
2025-07-04 09:54:22,747 [AWT-EventQueue-0] INFO : Selezione File: OK
2025-07-04 09:54:22,747 [AWT-EventQueue-0] INFO : Controllo estensione: OK
2025-07-04 09:54:22,747 [AWT-EventQueue-0] INFO : Inizio elaborazione
2025-07-04 09:54:22,767 [AWT-EventQueue-0] INFO : creazione file csv
2025-07-04 09:54:22,779 [AWT-EventQueue-0] INFO : File Csv creato correttamente
2025-07-04 09:54:35,070 [AWT-EventQueue-0] INFO : check before start elab
2025-07-04 09:54:35,071 [AWT-EventQueue-0] INFO : Selezione File: OK
2025-07-04 09:54:35,071 [AWT-EventQueue-0] INFO : Controllo estensione: OK
2025-07-04 09:54:35,071 [AWT-EventQueue-0] INFO : Inizio elaborazione
2025-07-04 09:54:35,075 [AWT-EventQueue-0] INFO : creazione file csv
2025-07-04 09:54:35,079 [AWT-EventQueue-0] INFO : File Csv creato correttamente
2025-07-04 09:56:12,428 [AWT-EventQueue-0] INFO : check before start elab
2025-07-04 09:56:12,430 [AWT-EventQueue-0] INFO : Selezione File: OK
2025-07-04 09:56:12,430 [AWT-EventQueue-0] INFO : Controllo estensione: OK
2025-07-04 09:56:12,430 [AWT-EventQueue-0] INFO : Inizio elaborazione
2025-07-04 09:56:12,541 [AWT-EventQueue-0] INFO : creazione file csv
2025-07-04 09:56:12,555 [AWT-EventQueue-0] INFO : File Csv creato correttamente
2025-07-04 10:07:11,445 [AWT-EventQueue-0] INFO : check before start elab
2025-07-04 10:07:11,447 [AWT-EventQueue-0] INFO : Selezione File: OK
2025-07-04 10:07:11,448 [AWT-EventQueue-0] INFO : Controllo estensione: OK
2025-07-04 10:07:11,448 [AWT-EventQueue-0] INFO : Inizio elaborazione
2025-07-04 10:07:11,474 [AWT-EventQueue-0] INFO : creazione file csv
2025-07-04 10:08:01,325 [AWT-EventQueue-0] INFO : check before start elab
2025-07-04 10:08:01,327 [AWT-EventQueue-0] INFO : Selezione File: OK
2025-07-04 10:08:01,327 [AWT-EventQueue-0] INFO : Controllo estensione: OK
2025-07-04 10:08:01,327 [AWT-EventQueue-0] INFO : Inizio elaborazione
2025-07-04 10:08:01,347 [AWT-EventQueue-0] INFO : creazione file csv
2025-07-04 10:08:01,363 [AWT-EventQueue-0] INFO : File Csv creato correttamente
2025-07-04 10:09:39,733 [AWT-EventQueue-0] INFO : check before start elab
2025-07-04 10:09:39,735 [AWT-EventQueue-0] INFO : Selezione File: OK
2025-07-04 10:09:39,735 [AWT-EventQueue-0] INFO : Controllo estensione: OK
2025-07-04 10:09:39,736 [AWT-EventQueue-0] INFO : Inizio elaborazione
2025-07-04 10:09:39,756 [AWT-EventQueue-0] INFO : creazione file csv
2025-07-04 10:09:39,769 [AWT-EventQueue-0] INFO : File Csv creato correttamente
2025-07-04 10:10:14,193 [AWT-EventQueue-0] INFO : check before start elab
2025-07-04 10:10:14,195 [AWT-EventQueue-0] INFO : Selezione File: OK
2025-07-04 10:10:14,195 [AWT-EventQueue-0] INFO : Controllo estensione: OK
2025-07-04 10:10:14,196 [AWT-EventQueue-0] INFO : Inizio elaborazione
2025-07-04 10:10:14,218 [AWT-EventQueue-0] INFO : creazione file csv
2025-07-04 10:10:14,231 [AWT-EventQueue-0] INFO : File Csv creato correttamente
2025-07-04 10:12:27,354 [AWT-EventQueue-0] INFO : check before start elab
2025-07-04 10:12:27,356 [AWT-EventQueue-0] INFO : Selezione File: OK
2025-07-04 10:12:27,356 [AWT-EventQueue-0] INFO : Controllo estensione: OK
2025-07-04 10:12:27,356 [AWT-EventQueue-0] INFO : Inizio elaborazione
2025-07-04 10:12:27,377 [AWT-EventQueue-0] INFO : creazione file csv
2025-07-04 10:12:27,394 [AWT-EventQueue-0] INFO : File Csv creato correttamente
2025-07-04 10:14:42,959 [AWT-EventQueue-0] INFO : check before start elab
2025-07-04 10:14:42,961 [AWT-EventQueue-0] INFO : Selezione File: OK
2025-07-04 10:14:42,961 [AWT-EventQueue-0] INFO : Controllo estensione: OK
2025-07-04 10:14:42,961 [AWT-EventQueue-0] INFO : Inizio elaborazione
2025-07-04 10:18:39,967 [AWT-EventQueue-0] INFO : check before start elab
2025-07-04 10:18:39,968 [AWT-EventQueue-0] INFO : Selezione File: OK
2025-07-04 10:18:39,969 [AWT-EventQueue-0] INFO : Controllo estensione: OK
2025-07-04 10:18:39,969 [AWT-EventQueue-0] INFO : Inizio elaborazione
2025-07-04 10:18:39,988 [AWT-EventQueue-0] INFO : creazione file csv
2025-07-04 10:18:39,994 [AWT-EventQueue-0] INFO : File Csv creato correttamente
2025-07-18 10:41:55,725 [AWT-EventQueue-0] INFO : check before start elab
2025-07-18 10:41:55,727 [AWT-EventQueue-0] INFO : Selezione File: OK
2025-07-18 10:41:55,727 [AWT-EventQueue-0] INFO : Controllo estensione: OK
2025-07-18 10:41:55,728 [AWT-EventQueue-0] INFO : Inizio elaborazione
2025-07-18 10:41:55,819 [AWT-EventQueue-0] INFO : Caricamento XML Wanted List
2025-07-18 10:41:55,845 [AWT-EventQueue-0] INFO : Caricamento dati da BL
2025-07-18 10:41:55,846 [AWT-EventQueue-0] INFO : Avvio parsing multi-thread con 3 thread
2025-07-18 10:41:55,854 [pool-2-thread-1] INFO : Thread pool-2-thread-1 → componente 1/58
2025-07-18 10:41:55,854 [pool-2-thread-3] INFO : Thread pool-2-thread-3 → componente 3/58
2025-07-18 10:41:55,854 [pool-2-thread-2] INFO : Thread pool-2-thread-2 → componente 2/58
2025-07-18 10:42:17,476 [pool-2-thread-2] INFO : analisi item: 98128 per store: mbod
2025-07-18 10:42:17,621 [pool-2-thread-3] INFO : analisi item: 2614 per store: mbod
2025-07-18 10:42:19,061 [pool-2-thread-1] INFO : analisi item: 25375 per store: mbod
2025-07-18 10:42:25,384 [pool-2-thread-2] INFO : analisi item: 98128 per store: PaoloBitta
2025-07-18 10:42:27,727 [pool-2-thread-3] INFO : analisi item: 2614 per store: PaoloBitta
2025-07-18 10:42:30,461 [pool-2-thread-3] INFO : analisi item: 2614 per store: GetStones24
2025-07-18 10:42:31,164 [pool-2-thread-2] INFO : analisi item: 98128 per store: GetStones24
2025-07-18 10:42:32,069 [pool-2-thread-3] INFO : Thread pool-2-thread-3 → componente 4/58
2025-07-18 10:42:32,637 [pool-2-thread-2] INFO : Thread pool-2-thread-2 → componente 5/58
2025-07-18 10:42:38,689 [pool-2-thread-1] WARN : ⚠️ Nessun articolo trovato nello store mbod per item 25375
2025-07-18 10:42:39,907 [pool-2-thread-1] INFO : analisi item: 25375 per store: PaoloBitta
2025-07-18 10:42:40,170 [pool-2-thread-3] INFO : analisi item: 30340 per store: mbod
2025-07-18 10:42:43,037 [pool-2-thread-1] INFO : analisi item: 25375 per store: GetStones24
2025-07-18 10:42:43,566 [pool-2-thread-2] INFO : analisi item: 47456 per store: mbod
2025-07-18 10:42:50,377 [pool-2-thread-2] INFO : analisi item: 47456 per store: PaoloBitta
2025-07-18 10:42:54,992 [pool-2-thread-2] INFO : analisi item: 47456 per store: GetStones24
2025-07-18 10:42:59,105 [pool-2-thread-1] WARN : ⚠️ Nessun articolo trovato nello store GetStones24 per item 25375
2025-07-18 10:42:59,207 [pool-2-thread-1] INFO : Thread pool-2-thread-1 → componente 6/58
2025-07-18 10:42:59,710 [pool-2-thread-3] WARN : ⚠️ Nessun articolo trovato nello store mbod per item 30340
2025-07-18 10:43:03,526 [pool-2-thread-3] INFO : analisi item: 30340 per store: PaoloBitta
2025-07-18 10:43:07,982 [pool-2-thread-1] INFO : analisi item: 92338 per store: mbod
2025-07-18 10:43:11,000 [pool-2-thread-2] WARN : ⚠️ Nessun articolo trovato nello store GetStones24 per item 47456
2025-07-18 10:43:11,133 [pool-2-thread-2] INFO : Thread pool-2-thread-2 → componente 7/58
2025-07-18 10:43:14,292 [pool-2-thread-1] INFO : analisi item: 92338 per store: PaoloBitta
2025-07-18 10:44:13,661 [AWT-EventQueue-0] INFO : check before start elab
2025-07-18 10:44:13,663 [AWT-EventQueue-0] INFO : Selezione File: OK
2025-07-18 10:44:13,663 [AWT-EventQueue-0] INFO : Controllo estensione: OK
2025-07-18 10:44:13,663 [AWT-EventQueue-0] INFO : Inizio elaborazione
2025-07-18 10:44:13,675 [AWT-EventQueue-0] INFO : Caricamento XML Wanted List
2025-07-18 10:44:13,679 [AWT-EventQueue-0] INFO : Caricamento dati da BL
2025-07-18 10:44:13,680 [AWT-EventQueue-0] INFO : Avvio parsing multi-thread con 3 thread
2025-07-18 10:44:13,684 [pool-3-thread-1] INFO : Thread pool-3-thread-1 → componente 1/4
2025-07-18 10:44:13,684 [pool-3-thread-2] INFO : Thread pool-3-thread-2 → componente 2/4
2025-07-18 10:44:13,684 [pool-3-thread-3] INFO : Thread pool-3-thread-3 → componente 3/4
2025-07-18 10:44:21,789 [pool-3-thread-1] INFO : analisi item: 25375 per store: mbod
2025-07-18 10:44:21,789 [pool-3-thread-2] INFO : analisi item: 98128 per store: mbod
2025-07-18 10:44:25,065 [pool-3-thread-3] INFO : analisi item: 2614 per store: mbod
2025-07-18 10:44:31,039 [pool-3-thread-3] INFO : analisi item: 2614 per store: PaoloBitta
2025-07-18 10:44:34,419 [pool-3-thread-2] INFO : analisi item: 98128 per store: PaoloBitta
2025-07-18 10:44:37,596 [pool-3-thread-2] INFO : analisi item: 98128 per store: GetStones24
2025-07-18 10:44:39,555 [pool-3-thread-3] INFO : analisi item: 2614 per store: GetStones24
2025-07-18 10:44:40,212 [pool-3-thread-2] INFO : Thread pool-3-thread-2 → componente 4/4
2025-07-18 10:44:41,456 [pool-3-thread-1] WARN : ⚠️ Nessun articolo trovato nello store mbod per item 25375
2025-07-18 10:44:42,491 [pool-3-thread-1] INFO : analisi item: 25375 per store: PaoloBitta
2025-07-18 10:44:49,811 [pool-3-thread-2] INFO : analisi item: x64pb01 per store: mbod
2025-07-18 10:44:54,692 [pool-3-thread-1] INFO : analisi item: 25375 per store: GetStones24
2025-07-18 10:45:09,324 [pool-3-thread-2] WARN : ⚠️ Nessun articolo trovato nello store mbod per item x64pb01
2025-07-18 10:45:10,679 [pool-3-thread-1] WARN : ⚠️ Nessun articolo trovato nello store GetStones24 per item 25375
2025-07-18 10:45:11,467 [pool-3-thread-2] INFO : analisi item: x64pb01 per store: PaoloBitta
2025-07-18 10:45:27,835 [pool-3-thread-2] WARN : ⚠️ Nessun articolo trovato nello store PaoloBitta per item x64pb01
2025-07-18 10:45:33,745 [pool-3-thread-2] INFO : analisi item: x64pb01 per store: GetStones24
2025-07-18 10:45:35,337 [AWT-EventQueue-0] INFO : Caricamento dati da Lego
2025-07-18 10:45:35,338 [AWT-EventQueue-0] INFO : Avvio parsing multi-thread con 3 thread
2025-07-18 10:45:35,338 [pool-4-thread-3] INFO : Thread pool-4-thread-3 → componente 3/4
2025-07-18 10:45:35,338 [pool-4-thread-2] INFO : Thread pool-4-thread-2 → componente 2/4
2025-07-18 10:45:35,338 [pool-4-thread-1] INFO : Thread pool-4-thread-1 → componente 1/4
2025-07-18 10:45:39,009 [pool-4-thread-2] INFO : analisi item: 98128 per store LEGO 
2025-07-18 10:45:44,676 [pool-4-thread-3] INFO : analisi item: 2614 per store LEGO 
2025-07-18 10:45:44,817 [pool-4-thread-1] INFO : analisi item: 25375 per store LEGO 
2025-07-18 10:45:57,586 [pool-4-thread-2] WARN : ⚠️ Nessun elemento 'pab-item' trovato per item 98128
2025-07-18 10:45:57,707 [pool-4-thread-2] INFO : Thread pool-4-thread-2 → componente 4/4
2025-07-18 10:46:02,544 [pool-4-thread-3] WARN : ⚠️ Nessun elemento 'pab-item' trovato per item 2614
2025-07-18 10:46:02,810 [pool-4-thread-1] WARN : ⚠️ Nessun elemento 'pab-item' trovato per item 25375
2025-07-18 10:46:05,402 [pool-4-thread-2] INFO : analisi item: x64pb01 per store LEGO 
2025-07-18 10:46:24,314 [pool-4-thread-2] WARN : ⚠️ Nessun elemento 'pab-item' trovato per item x64pb01
2025-07-18 10:46:24,461 [AWT-EventQueue-0] INFO : creazione file csv
2025-07-18 10:46:24,475 [AWT-EventQueue-0] INFO : File Csv creato correttamente
2025-07-18 10:48:09,675 [AWT-EventQueue-0] INFO : check before start elab
2025-07-18 10:48:09,675 [AWT-EventQueue-0] INFO : Selezione File: OK
2025-07-18 10:48:09,675 [AWT-EventQueue-0] INFO : Controllo estensione: OK
2025-07-18 10:48:09,675 [AWT-EventQueue-0] INFO : Inizio elaborazione
2025-07-18 10:48:09,675 [AWT-EventQueue-0] INFO : Caricamento XML Wanted List
2025-07-18 10:48:09,675 [AWT-EventQueue-0] INFO : Caricamento dati da BL
2025-07-18 10:48:09,675 [AWT-EventQueue-0] INFO : Avvio parsing multi-thread con 3 thread
2025-07-18 10:48:09,675 [pool-5-thread-1] INFO : Thread pool-5-thread-1 → componente 1/8
2025-07-18 10:48:09,675 [pool-5-thread-2] INFO : Thread pool-5-thread-2 → componente 2/8
2025-07-18 10:48:09,675 [pool-5-thread-3] INFO : Thread pool-5-thread-3 → componente 3/8
2025-07-18 10:48:15,405 [pool-5-thread-1] INFO : analisi item: 6190 per store: mbod
2025-07-18 10:48:20,533 [pool-5-thread-3] INFO : analisi item: 48729b per store: mbod
2025-07-18 10:48:21,747 [pool-5-thread-1] INFO : analisi item: 6190 per store: PaoloBitta
2025-07-18 10:48:25,082 [pool-5-thread-2] INFO : analisi item: 32828 per store: mbod
2025-07-18 10:48:28,816 [pool-5-thread-3] INFO : analisi item: 48729b per store: PaoloBitta
2025-07-18 10:48:30,199 [pool-5-thread-3] INFO : analisi item: 48729b per store: GetStones24
2025-07-18 10:48:31,838 [pool-5-thread-3] INFO : Thread pool-5-thread-3 → componente 4/8
2025-07-18 10:48:37,676 [pool-5-thread-1] WARN : ⚠️ Nessun articolo trovato nello store PaoloBitta per item 6190
2025-07-18 10:48:39,584 [pool-5-thread-2] INFO : analisi item: 32828 per store: PaoloBitta
2025-07-18 10:48:41,839 [pool-5-thread-2] INFO : analisi item: 32828 per store: GetStones24
2025-07-18 10:48:43,131 [pool-5-thread-3] INFO : analisi item: 30374 per store: mbod
2025-07-18 10:48:43,584 [pool-5-thread-1] INFO : analisi item: 6190 per store: GetStones24
2025-07-18 10:48:43,600 [pool-5-thread-2] INFO : Thread pool-5-thread-2 → componente 5/8
2025-07-18 10:48:45,053 [pool-5-thread-1] INFO : Thread pool-5-thread-1 → componente 6/8
2025-07-18 10:48:51,970 [pool-5-thread-2] INFO : analisi item: 63965 per store: mbod
2025-07-18 10:48:55,645 [pool-5-thread-1] INFO : analisi item: 23443 per store: mbod
2025-07-18 10:48:56,405 [pool-5-thread-3] INFO : analisi item: 30374 per store: PaoloBitta
2025-07-18 10:48:59,355 [pool-5-thread-3] INFO : analisi item: 30374 per store: GetStones24
2025-07-18 10:49:01,214 [pool-5-thread-3] INFO : Thread pool-5-thread-3 → componente 7/8
2025-07-18 10:49:03,037 [pool-5-thread-2] INFO : analisi item: 63965 per store: PaoloBitta
2025-07-18 10:49:03,858 [pool-5-thread-1] INFO : analisi item: 23443 per store: PaoloBitta
2025-07-18 10:49:06,884 [pool-5-thread-2] INFO : analisi item: 63965 per store: GetStones24
2025-07-18 10:49:08,415 [pool-5-thread-2] INFO : Thread pool-5-thread-2 → componente 8/8
2025-07-18 10:49:08,684 [pool-5-thread-3] INFO : analisi item: 73825 per store: mbod
2025-07-18 10:49:09,096 [pool-5-thread-1] INFO : analisi item: 23443 per store: GetStones24
2025-07-18 10:49:18,201 [pool-5-thread-2] INFO : analisi item: 99780 per store: mbod
2025-07-18 10:49:18,602 [pool-5-thread-3] INFO : analisi item: 73825 per store: PaoloBitta
2025-07-18 10:49:29,451 [pool-5-thread-2] INFO : analisi item: 99780 per store: PaoloBitta
2025-07-18 10:49:35,391 [pool-5-thread-3] WARN : ⚠️ Nessun articolo trovato nello store PaoloBitta per item 73825
2025-07-18 10:49:37,039 [pool-5-thread-2] INFO : analisi item: 99780 per store: GetStones24
2025-07-18 10:49:38,949 [pool-5-thread-3] INFO : analisi item: 73825 per store: GetStones24
2025-07-18 10:49:53,008 [pool-5-thread-2] WARN : ⚠️ Nessun articolo trovato nello store GetStones24 per item 99780
2025-07-18 10:49:54,963 [pool-5-thread-3] WARN : ⚠️ Nessun articolo trovato nello store GetStones24 per item 73825
2025-07-18 10:49:55,083 [AWT-EventQueue-0] INFO : Caricamento dati da Lego
2025-07-18 10:49:55,083 [AWT-EventQueue-0] INFO : Avvio parsing multi-thread con 3 thread
2025-07-18 10:49:55,084 [pool-6-thread-2] INFO : Thread pool-6-thread-2 → componente 2/8
2025-07-18 10:49:55,084 [pool-6-thread-1] INFO : Thread pool-6-thread-1 → componente 1/8
2025-07-18 10:49:55,084 [pool-6-thread-3] INFO : Thread pool-6-thread-3 → componente 3/8
2025-07-18 10:49:59,117 [pool-6-thread-2] INFO : analisi item: 32828 per store LEGO 
2025-07-18 10:49:59,149 [pool-6-thread-1] INFO : analisi item: 6190 per store LEGO 
2025-07-18 10:50:01,955 [pool-6-thread-3] INFO : analisi item: 48729b per store LEGO 
2025-07-18 10:50:03,244 [pool-6-thread-1] WARN : ❌ Errore nel parsing del div #1: no such element: Unable to locate element: {"method":"css selector","selector":"p[data-test='pab-item-elementId']"}
  (Session info: chrome=138.0.7204.158)
For documentation on this error, please visit: https://www.selenium.dev/documentation/webdriver/troubleshooting/errors#no-such-element-exception
Build info: version: '4.19.1', revision: 'abe0ee07dc'
System info: os.name: 'Windows 11', os.arch: 'amd64', os.version: '10.0', java.version: '21.0.4'
Driver info: org.openqa.selenium.chrome.ChromeDriver
Command: [bd142e80f6f88bae7939f0f342866291, findChildElement {using=css selector, value=p[data-test='pab-item-elementId'], id=f.A2E608AD1A44FE3E43B4D7C8A498AE26.d.763814D5073B7E0AFA63F51ACC382C91.e.100}]
Capabilities {acceptInsecureCerts: false, browserName: chrome, browserVersion: 138.0.7204.158, chrome: {chromedriverVersion: 138.0.7204.157 (e533e98b126..., userDataDir: C:\Users\somlor\AppData\Loc...}, fedcm:accounts: true, goog:chromeOptions: {debuggerAddress: localhost:57817}, networkConnectionEnabled: false, pageLoadStrategy: normal, platformName: windows, proxy: Proxy(), se:cdp: ws://localhost:57817/devtoo..., se:cdpVersion: 138.0.7204.158, setWindowRect: true, strictFileInteractability: false, timeouts: {implicit: 0, pageLoad: 300000, script: 30000}, unhandledPromptBehavior: dismiss and notify, webauthn:extension:credBlob: true, webauthn:extension:largeBlob: true, webauthn:extension:minPinLength: true, webauthn:extension:prf: true, webauthn:virtualAuthenticators: true}
Session ID: bd142e80f6f88bae7939f0f342866291
2025-07-18 10:50:03,345 [pool-6-thread-1] INFO : Thread pool-6-thread-1 → componente 4/8
2025-07-18 10:50:04,210 [pool-6-thread-2] WARN : ❌ Errore nel parsing del div #1: no such element: Unable to locate element: {"method":"css selector","selector":"p[data-test='pab-item-elementId']"}
  (Session info: chrome=138.0.7204.158)
For documentation on this error, please visit: https://www.selenium.dev/documentation/webdriver/troubleshooting/errors#no-such-element-exception
Build info: version: '4.19.1', revision: 'abe0ee07dc'
System info: os.name: 'Windows 11', os.arch: 'amd64', os.version: '10.0', java.version: '21.0.4'
Driver info: org.openqa.selenium.chrome.ChromeDriver
Command: [671148e0f23b17c7cf8ad4cbe0adf211, findChildElement {using=css selector, value=p[data-test='pab-item-elementId'], id=f.3061D7DF671DE3F6B3EC24436D577C0A.d.7EE8962E9051DC8B91D947E694259A5B.e.97}]
Capabilities {acceptInsecureCerts: false, browserName: chrome, browserVersion: 138.0.7204.158, chrome: {chromedriverVersion: 138.0.7204.157 (e533e98b126..., userDataDir: C:\Users\somlor\AppData\Loc...}, fedcm:accounts: true, goog:chromeOptions: {debuggerAddress: localhost:57816}, networkConnectionEnabled: false, pageLoadStrategy: normal, platformName: windows, proxy: Proxy(), se:cdp: ws://localhost:57816/devtoo..., se:cdpVersion: 138.0.7204.158, setWindowRect: true, strictFileInteractability: false, timeouts: {implicit: 0, pageLoad: 300000, script: 30000}, unhandledPromptBehavior: dismiss and notify, webauthn:extension:credBlob: true, webauthn:extension:largeBlob: true, webauthn:extension:minPinLength: true, webauthn:extension:prf: true, webauthn:virtualAuthenticators: true}
Session ID: 671148e0f23b17c7cf8ad4cbe0adf211
2025-07-18 10:50:04,311 [pool-6-thread-2] INFO : Thread pool-6-thread-2 → componente 5/8
2025-07-18 10:50:07,731 [pool-6-thread-1] INFO : analisi item: 30374 per store LEGO 
2025-07-18 10:50:11,666 [pool-6-thread-2] INFO : analisi item: 63965 per store LEGO 
2025-07-18 10:50:20,874 [pool-6-thread-3] WARN : ⚠️ Nessun elemento 'pab-item' trovato per item 48729b
2025-07-18 10:50:21,028 [pool-6-thread-3] INFO : Thread pool-6-thread-3 → componente 6/8
2025-07-18 10:50:25,442 [pool-6-thread-3] INFO : analisi item: 23443 per store LEGO 
2025-07-18 10:50:28,568 [pool-6-thread-1] WARN : ⚠️ Nessun elemento 'pab-item' trovato per item 30374
2025-07-18 10:50:28,690 [pool-6-thread-1] INFO : Thread pool-6-thread-1 → componente 7/8
2025-07-18 10:50:30,363 [pool-6-thread-2] WARN : ⚠️ Nessun elemento 'pab-item' trovato per item 63965
2025-07-18 10:50:30,467 [pool-6-thread-2] INFO : Thread pool-6-thread-2 → componente 8/8
2025-07-18 10:50:35,023 [pool-6-thread-2] INFO : analisi item: 99780 per store LEGO 
2025-07-18 10:50:37,673 [pool-6-thread-1] INFO : analisi item: 73825 per store LEGO 
2025-07-18 10:50:39,581 [pool-6-thread-2] WARN : ❌ Errore nel parsing del div #1: no such element: Unable to locate element: {"method":"css selector","selector":"p[data-test='pab-item-elementId']"}
  (Session info: chrome=138.0.7204.158)
For documentation on this error, please visit: https://www.selenium.dev/documentation/webdriver/troubleshooting/errors#no-such-element-exception
Build info: version: '4.19.1', revision: 'abe0ee07dc'
System info: os.name: 'Windows 11', os.arch: 'amd64', os.version: '10.0', java.version: '21.0.4'
Driver info: org.openqa.selenium.chrome.ChromeDriver
Command: [01e1046f47b68ae83e8cac7176339066, findChildElement {using=css selector, value=p[data-test='pab-item-elementId'], id=f.5892A349386917D61DDDC736C3E6128D.d.E7C26BCCD6870A4A6C2869CCDC27E492.e.105}]
Capabilities {acceptInsecureCerts: false, browserName: chrome, browserVersion: 138.0.7204.158, chrome: {chromedriverVersion: 138.0.7204.157 (e533e98b126..., userDataDir: C:\Users\somlor\AppData\Loc...}, fedcm:accounts: true, goog:chromeOptions: {debuggerAddress: localhost:58040}, networkConnectionEnabled: false, pageLoadStrategy: normal, platformName: windows, proxy: Proxy(), se:cdp: ws://localhost:58040/devtoo..., se:cdpVersion: 138.0.7204.158, setWindowRect: true, strictFileInteractability: false, timeouts: {implicit: 0, pageLoad: 300000, script: 30000}, unhandledPromptBehavior: dismiss and notify, webauthn:extension:credBlob: true, webauthn:extension:largeBlob: true, webauthn:extension:minPinLength: true, webauthn:extension:prf: true, webauthn:virtualAuthenticators: true}
Session ID: 01e1046f47b68ae83e8cac7176339066
2025-07-18 10:50:41,258 [pool-6-thread-1] WARN : ❌ Errore nel parsing del div #1: no such element: Unable to locate element: {"method":"css selector","selector":"p[data-test='pab-item-elementId']"}
  (Session info: chrome=138.0.7204.158)
For documentation on this error, please visit: https://www.selenium.dev/documentation/webdriver/troubleshooting/errors#no-such-element-exception
Build info: version: '4.19.1', revision: 'abe0ee07dc'
System info: os.name: 'Windows 11', os.arch: 'amd64', os.version: '10.0', java.version: '21.0.4'
Driver info: org.openqa.selenium.chrome.ChromeDriver
Command: [05559479e49775c62241c3c8d95bbc4e, findChildElement {using=css selector, value=p[data-test='pab-item-elementId'], id=f.E3DCC2BA7E17295F29BD34AD3FDC53D3.d.408450F89CFD05C9CD87443541382448.e.99}]
Capabilities {acceptInsecureCerts: false, browserName: chrome, browserVersion: 138.0.7204.158, chrome: {chromedriverVersion: 138.0.7204.157 (e533e98b126..., userDataDir: C:\Users\somlor\AppData\Loc...}, fedcm:accounts: true, goog:chromeOptions: {debuggerAddress: localhost:58070}, networkConnectionEnabled: false, pageLoadStrategy: normal, platformName: windows, proxy: Proxy(), se:cdp: ws://localhost:58070/devtoo..., se:cdpVersion: 138.0.7204.158, setWindowRect: true, strictFileInteractability: false, timeouts: {implicit: 0, pageLoad: 300000, script: 30000}, unhandledPromptBehavior: dismiss and notify, webauthn:extension:credBlob: true, webauthn:extension:largeBlob: true, webauthn:extension:minPinLength: true, webauthn:extension:prf: true, webauthn:virtualAuthenticators: true}
Session ID: 05559479e49775c62241c3c8d95bbc4e
2025-07-18 10:50:43,512 [pool-6-thread-3] WARN : ⚠️ Nessun elemento 'pab-item' trovato per item 23443
2025-07-18 10:50:43,620 [AWT-EventQueue-0] INFO : creazione file csv
2025-07-18 10:50:43,620 [AWT-EventQueue-0] INFO : File Csv creato correttamente
2025-07-18 11:01:21,810 [AWT-EventQueue-0] INFO : check before start elab
2025-07-18 11:01:21,812 [AWT-EventQueue-0] INFO : Selezione File: OK
2025-07-18 11:01:21,812 [AWT-EventQueue-0] INFO : Controllo estensione: OK
2025-07-18 11:01:21,812 [AWT-EventQueue-0] INFO : Inizio elaborazione
2025-07-18 11:01:21,837 [AWT-EventQueue-0] INFO : Caricamento XML Wanted List
2025-07-18 11:01:21,840 [AWT-EventQueue-0] INFO : Caricamento dati da BL
2025-07-18 11:01:21,841 [AWT-EventQueue-0] INFO : Avvio parsing multi-thread con 3 thread
2025-07-18 11:01:21,845 [pool-2-thread-2] INFO : Thread pool-2-thread-2 → componente 2/8
2025-07-18 11:01:21,845 [pool-2-thread-1] INFO : Thread pool-2-thread-1 → componente 1/8
2025-07-18 11:01:21,845 [pool-2-thread-3] INFO : Thread pool-2-thread-3 → componente 3/8
2025-07-18 11:01:38,643 [pool-2-thread-2] INFO : analisi item: 32828 per store: mbod
2025-07-18 11:01:42,973 [pool-2-thread-3] INFO : analisi item: 48729b per store: mbod
2025-07-18 11:01:46,170 [pool-2-thread-1] INFO : analisi item: 6190 per store: mbod
2025-07-18 11:01:50,302 [pool-2-thread-3] INFO : analisi item: 48729b per store: PaoloBitta
2025-07-18 11:01:51,214 [pool-2-thread-2] INFO : analisi item: 32828 per store: PaoloBitta
2025-07-18 11:01:53,374 [pool-2-thread-1] INFO : analisi item: 6190 per store: PaoloBitta
2025-07-18 11:01:55,270 [pool-2-thread-2] INFO : analisi item: 32828 per store: GetStones24
2025-07-18 11:01:55,704 [pool-2-thread-3] INFO : analisi item: 48729b per store: GetStones24
2025-07-18 11:01:57,040 [pool-2-thread-2] INFO : Thread pool-2-thread-2 → componente 4/8
2025-07-18 11:01:57,212 [pool-2-thread-3] INFO : Thread pool-2-thread-3 → componente 5/8
2025-07-18 11:02:04,179 [pool-2-thread-2] INFO : analisi item: 30374 per store: mbod
2025-07-18 11:02:09,675 [pool-2-thread-1] WARN : ⚠️ Nessun articolo trovato nello store PaoloBitta per item 6190
2025-07-18 11:02:11,183 [pool-2-thread-3] INFO : analisi item: 63965 per store: mbod
2025-07-18 11:02:16,379 [pool-2-thread-1] INFO : analisi item: 6190 per store: GetStones24
2025-07-18 11:02:17,857 [pool-2-thread-1] INFO : Thread pool-2-thread-1 → componente 6/8
2025-07-18 11:02:18,765 [pool-2-thread-2] INFO : analisi item: 30374 per store: PaoloBitta
2025-07-18 11:02:21,861 [pool-2-thread-2] INFO : analisi item: 30374 per store: GetStones24
2025-07-18 11:02:23,713 [pool-2-thread-2] INFO : Thread pool-2-thread-2 → componente 7/8
2025-07-18 11:02:24,751 [pool-2-thread-3] INFO : analisi item: 63965 per store: PaoloBitta
2025-07-18 11:02:25,501 [pool-2-thread-1] INFO : analisi item: 23443 per store: mbod
2025-07-18 11:02:31,343 [pool-2-thread-1] INFO : analisi item: 23443 per store: PaoloBitta
2025-07-18 11:02:33,546 [pool-2-thread-2] INFO : analisi item: 73825 per store: mbod
2025-07-18 11:02:36,187 [pool-2-thread-1] INFO : analisi item: 23443 per store: GetStones24
2025-07-18 11:02:37,405 [pool-2-thread-3] INFO : analisi item: 63965 per store: GetStones24
2025-07-18 11:02:37,714 [pool-2-thread-1] INFO : Thread pool-2-thread-1 → componente 8/8
2025-07-18 11:02:42,652 [pool-2-thread-2] INFO : analisi item: 73825 per store: PaoloBitta
2025-07-18 11:02:47,016 [pool-2-thread-1] INFO : analisi item: 99780 per store: mbod
2025-07-18 11:02:57,358 [pool-2-thread-1] INFO : analisi item: 99780 per store: PaoloBitta
2025-07-18 11:02:58,794 [pool-2-thread-2] WARN : ⚠️ Nessun articolo trovato nello store PaoloBitta per item 73825
2025-07-18 11:02:59,507 [pool-2-thread-1] INFO : analisi item: 99780 per store: GetStones24
2025-07-18 11:03:05,019 [pool-2-thread-2] INFO : analisi item: 73825 per store: GetStones24
2025-07-18 11:03:15,558 [pool-2-thread-1] WARN : ⚠️ Nessun articolo trovato nello store GetStones24 per item 99780
2025-07-18 11:03:21,069 [pool-2-thread-2] WARN : ⚠️ Nessun articolo trovato nello store GetStones24 per item 73825
2025-07-18 11:03:21,174 [AWT-EventQueue-0] INFO : Caricamento dati da Lego
2025-07-18 11:03:21,175 [AWT-EventQueue-0] INFO : Avvio parsing multi-thread con 3 thread
2025-07-18 11:03:21,175 [pool-3-thread-1] INFO : Thread pool-3-thread-1 → componente 1/8
2025-07-18 11:03:21,175 [pool-3-thread-2] INFO : Thread pool-3-thread-2 → componente 2/8
2025-07-18 11:03:21,175 [pool-3-thread-3] INFO : Thread pool-3-thread-3 → componente 3/8
2025-07-18 11:03:31,426 [pool-3-thread-3] INFO : analisi item: 48729b per store LEGO 
2025-07-18 11:03:31,614 [pool-3-thread-1] INFO : analisi item: 6190 per store LEGO 
2025-07-18 11:03:34,805 [pool-3-thread-2] INFO : analisi item: 32828 per store LEGO 
2025-07-18 11:03:36,306 [pool-3-thread-1] INFO : Elemento #1 → Titolo: TELEPHONE RECEIVER, Prezzo: 0,13
2025-07-18 11:03:36,911 [pool-3-thread-1] INFO : Thread pool-3-thread-1 → componente 4/8
2025-07-18 11:03:39,016 [pool-3-thread-2] INFO : Elemento #1 → Titolo: PLATE 1X1 ROUND W/ HORIZONTAL 3.2 SHAFT, Prezzo: 0,05
2025-07-18 11:03:39,138 [pool-3-thread-2] INFO : Thread pool-3-thread-2 → componente 5/8
2025-07-18 11:03:43,241 [pool-3-thread-1] INFO : analisi item: 30374 per store LEGO 
2025-07-18 11:03:46,128 [pool-3-thread-2] INFO : analisi item: 63965 per store LEGO 
2025-07-18 11:03:48,892 [pool-3-thread-3] WARN : ⚠️ Nessun elemento 'pab-item' trovato per item 48729b
2025-07-18 11:03:49,012 [pool-3-thread-3] INFO : Thread pool-3-thread-3 → componente 6/8
2025-07-18 11:03:52,478 [pool-3-thread-3] INFO : analisi item: 23443 per store LEGO 
2025-07-18 11:04:01,248 [pool-3-thread-1] WARN : ⚠️ Nessun elemento 'pab-item' trovato per item 30374
2025-07-18 11:04:01,369 [pool-3-thread-1] INFO : Thread pool-3-thread-1 → componente 7/8
2025-07-18 11:04:04,829 [pool-3-thread-1] INFO : analisi item: 73825 per store LEGO 
2025-07-18 11:04:06,864 [pool-3-thread-2] WARN : ⚠️ Nessun elemento 'pab-item' trovato per item 63965
2025-07-18 11:04:06,998 [pool-3-thread-2] INFO : Thread pool-3-thread-2 → componente 8/8
2025-07-18 11:04:08,178 [pool-3-thread-1] INFO : Elemento #1 → Titolo: PLATE 1X1, W/ 1.5 PLATE 1X2, UPWARDS, Prezzo: 0,13
2025-07-18 11:04:10,185 [pool-3-thread-3] WARN : ⚠️ Nessun elemento 'pab-item' trovato per item 23443
2025-07-18 11:04:13,039 [pool-3-thread-2] INFO : analisi item: 99780 per store LEGO 
2025-07-18 11:04:19,039 [pool-3-thread-2] INFO : Elemento #1 → Titolo: ANGULAR PLATE 1.5 BOT. 1X2 1/2, Prezzo: 0,10
2025-07-18 11:04:19,156 [AWT-EventQueue-0] INFO : creazione file csv
2025-07-18 11:04:19,160 [AWT-EventQueue-0] INFO : File Csv creato correttamente
2025-07-23 10:16:42,720 [AWT-EventQueue-0] INFO : check before start elab
2025-07-23 10:16:42,723 [AWT-EventQueue-0] INFO : Selezione File: OK
2025-07-23 10:16:42,723 [AWT-EventQueue-0] INFO : Controllo estensione: OK
2025-07-23 10:16:42,723 [AWT-EventQueue-0] INFO : Inizio elaborazione
2025-07-23 10:16:42,827 [AWT-EventQueue-0] INFO : Caricamento XML Wanted List
2025-07-23 10:16:42,858 [AWT-EventQueue-0] INFO : Caricamento dati da BL
2025-07-23 10:16:42,858 [AWT-EventQueue-0] INFO : Avvio parsing multi-thread con 3 thread
2025-07-23 10:16:42,864 [pool-3-thread-1] INFO : Thread pool-3-thread-1 → componente 1/58
2025-07-23 10:16:42,865 [pool-3-thread-2] INFO : Thread pool-3-thread-2 → componente 2/58
2025-07-23 10:16:42,864 [pool-3-thread-3] INFO : Thread pool-3-thread-3 → componente 3/58
2025-07-23 10:17:01,947 [pool-3-thread-3] INFO : analisi item: 2614 per store: tspio
2025-07-23 10:17:10,048 [pool-3-thread-2] INFO : analisi item: 98128 per store: tspio
2025-07-23 10:17:12,379 [pool-3-thread-1] INFO : analisi item: 25375 per store: tspio
2025-07-23 10:17:19,978 [pool-3-thread-1] INFO : analisi item: 25375 per store: andeekey
2025-07-23 10:17:20,763 [pool-3-thread-2] INFO : analisi item: 98128 per store: andeekey
2025-07-23 10:17:22,606 [pool-3-thread-2] INFO : Thread pool-3-thread-2 → componente 4/58
2025-07-23 10:17:22,768 [pool-3-thread-3] WARN : ⚠️ Nessun articolo trovato nello store tspio per item 2614
2025-07-23 10:17:23,547 [pool-3-thread-1] INFO : Thread pool-3-thread-1 → componente 5/58
2025-07-23 10:17:23,777 [pool-3-thread-3] INFO : analisi item: 2614 per store: andeekey
2025-07-23 10:17:25,472 [pool-3-thread-3] INFO : Thread pool-3-thread-3 → componente 6/58
2025-07-23 10:17:31,665 [pool-3-thread-2] INFO : analisi item: 30340 per store: tspio
2025-07-23 10:17:35,110 [pool-3-thread-1] INFO : analisi item: 47456 per store: tspio
2025-07-23 10:17:38,993 [pool-3-thread-3] INFO : analisi item: 92338 per store: tspio
2025-07-23 10:17:39,114 [pool-3-thread-2] INFO : analisi item: 30340 per store: andeekey
2025-07-23 10:17:41,821 [pool-3-thread-1] INFO : analisi item: 47456 per store: andeekey
2025-07-23 10:17:43,837 [pool-3-thread-1] INFO : Thread pool-3-thread-1 → componente 7/58
2025-07-23 10:17:49,219 [pool-3-thread-1] INFO : analisi item: 98141 per store: tspio
2025-07-23 10:17:55,302 [pool-3-thread-2] WARN : ⚠️ Nessun articolo trovato nello store andeekey per item 30340
2025-07-23 10:17:55,420 [pool-3-thread-2] INFO : Thread pool-3-thread-2 → componente 8/58
2025-07-23 10:17:57,680 [pool-3-thread-1] INFO : analisi item: 98141 per store: andeekey
2025-07-23 10:17:58,409 [pool-3-thread-3] WARN : ⚠️ Nessun articolo trovato nello store tspio per item 92338
2025-07-23 10:18:00,159 [pool-3-thread-1] INFO : Thread pool-3-thread-1 → componente 9/58
2025-07-23 10:18:01,884 [pool-3-thread-3] INFO : analisi item: 92338 per store: andeekey
2025-07-23 10:18:03,584 [pool-3-thread-3] INFO : Thread pool-3-thread-3 → componente 10/58
2025-07-23 10:18:04,303 [pool-3-thread-2] INFO : analisi item: 87747 per store: tspio
2025-07-23 10:18:05,986 [pool-3-thread-1] INFO : analisi item: 24588 per store: tspio
2025-07-23 10:18:09,900 [pool-3-thread-2] INFO : analisi item: 87747 per store: andeekey
2025-07-23 10:18:09,975 [pool-3-thread-3] INFO : analisi item: 90391pb03 per store: tspio
2025-07-23 10:18:12,000 [pool-3-thread-2] INFO : Thread pool-3-thread-2 → componente 11/58
2025-07-23 10:18:14,749 [pool-3-thread-1] INFO : analisi item: 24588 per store: andeekey
2025-07-23 10:18:16,367 [pool-3-thread-2] INFO : analisi item: 18962 per store: tspio
2025-07-23 10:18:20,811 [pool-3-thread-2] INFO : analisi item: 18962 per store: andeekey
2025-07-23 10:18:22,623 [pool-3-thread-2] INFO : Thread pool-3-thread-2 → componente 12/58
2025-07-23 10:18:28,780 [pool-3-thread-3] WARN : ⚠️ Nessun articolo trovato nello store tspio per item 90391pb03
2025-07-23 10:18:29,798 [pool-3-thread-2] INFO : analisi item: 23986 per store: tspio
2025-07-23 10:18:30,858 [pool-3-thread-1] WARN : ⚠️ Nessun articolo trovato nello store andeekey per item 24588
2025-07-23 10:18:30,978 [pool-3-thread-1] INFO : Thread pool-3-thread-1 → componente 13/58
2025-07-23 10:18:33,725 [pool-3-thread-2] INFO : analisi item: 23986 per store: andeekey
2025-07-23 10:18:35,431 [pool-3-thread-3] INFO : analisi item: 90391pb03 per store: andeekey
2025-07-23 10:18:35,570 [pool-3-thread-2] INFO : Thread pool-3-thread-2 → componente 14/58
2025-07-23 10:18:37,238 [pool-3-thread-3] INFO : Thread pool-3-thread-3 → componente 15/58
2025-07-23 10:18:42,102 [pool-3-thread-1] INFO : analisi item: 3062 per store: tspio
2025-07-23 10:18:44,011 [pool-3-thread-2] INFO : analisi item: 50305 per store: tspio
2025-07-23 10:18:48,350 [pool-3-thread-3] INFO : analisi item: 50304 per store: tspio
2025-07-23 10:18:54,034 [pool-3-thread-3] INFO : analisi item: 50304 per store: andeekey
2025-07-23 10:18:54,241 [pool-3-thread-2] INFO : analisi item: 50305 per store: andeekey
2025-07-23 10:18:55,830 [pool-3-thread-3] INFO : Thread pool-3-thread-3 → componente 16/58
2025-07-23 10:18:56,216 [pool-3-thread-2] INFO : Thread pool-3-thread-2 → componente 17/58
2025-07-23 10:19:00,505 [pool-3-thread-1] WARN : ⚠️ Nessun articolo trovato nello store tspio per item 3062
2025-07-23 10:19:00,893 [pool-3-thread-1] INFO : analisi item: 3062 per store: andeekey
2025-07-23 10:19:02,508 [pool-3-thread-2] INFO : analisi item: 64644 per store: tspio
2025-07-23 10:19:02,836 [pool-3-thread-1] INFO : Thread pool-3-thread-1 → componente 18/58
2025-07-23 10:19:06,514 [pool-3-thread-1] INFO : analisi item: 11212 per store: tspio
2025-07-23 10:19:07,561 [pool-3-thread-3] INFO : analisi item: 60470b per store: tspio
2025-07-23 10:19:10,358 [pool-3-thread-1] INFO : analisi item: 11212 per store: andeekey
2025-07-23 10:19:12,210 [pool-3-thread-1] INFO : Thread pool-3-thread-1 → componente 19/58
2025-07-23 10:19:13,734 [pool-3-thread-2] INFO : analisi item: 64644 per store: andeekey
2025-07-23 10:19:15,650 [pool-3-thread-2] INFO : Thread pool-3-thread-2 → componente 20/58
2025-07-23 10:19:17,678 [pool-3-thread-1] INFO : analisi item: 16577 per store: tspio
2025-07-23 10:19:18,118 [pool-3-thread-3] INFO : analisi item: 60470b per store: andeekey
2025-07-23 10:19:19,945 [pool-3-thread-3] INFO : Thread pool-3-thread-3 → componente 21/58
2025-07-23 10:19:23,766 [pool-3-thread-1] INFO : analisi item: 16577 per store: andeekey
2025-07-23 10:19:25,379 [pool-3-thread-2] INFO : analisi item: 30104 per store: tspio
2025-07-23 10:19:25,396 [pool-3-thread-1] INFO : Thread pool-3-thread-1 → componente 22/58
2025-07-23 10:19:28,934 [pool-3-thread-3] INFO : analisi item: 23950 per store: tspio
2025-07-23 10:19:34,831 [pool-3-thread-3] INFO : analisi item: 23950 per store: andeekey
2025-07-23 10:19:35,474 [pool-3-thread-1] INFO : analisi item: 93059 per store: tspio
2025-07-23 10:19:36,700 [pool-3-thread-3] INFO : Thread pool-3-thread-3 → componente 23/58
2025-07-23 10:19:39,752 [pool-3-thread-1] INFO : analisi item: 93059 per store: andeekey
2025-07-23 10:19:41,528 [pool-3-thread-1] INFO : Thread pool-3-thread-1 → componente 24/58
2025-07-23 10:19:43,775 [pool-3-thread-2] WARN : ⚠️ Nessun articolo trovato nello store tspio per item 30104
2025-07-23 10:19:47,152 [pool-3-thread-3] INFO : analisi item: 4070 per store: tspio
2025-07-23 10:19:47,735 [pool-3-thread-2] INFO : analisi item: 30104 per store: andeekey
2025-07-23 10:19:49,534 [pool-3-thread-2] INFO : Thread pool-3-thread-2 → componente 25/58
2025-07-23 10:19:51,035 [pool-3-thread-1] INFO : analisi item: 3068 per store: tspio
2025-07-23 10:19:56,177 [pool-3-thread-2] INFO : analisi item: 6005 per store: tspio
2025-07-23 10:20:01,406 [pool-3-thread-1] INFO : analisi item: 3068 per store: andeekey
2025-07-23 10:20:02,899 [pool-3-thread-1] INFO : Thread pool-3-thread-1 → componente 26/58
2025-07-23 10:20:05,712 [pool-3-thread-3] WARN : ⚠️ Nessun articolo trovato nello store tspio per item 4070
2025-07-23 10:20:09,590 [pool-3-thread-3] INFO : analisi item: 4070 per store: andeekey
2025-07-23 10:20:11,505 [pool-3-thread-3] INFO : Thread pool-3-thread-3 → componente 27/58
2025-07-23 10:20:14,716 [pool-3-thread-1] INFO : analisi item: 43719 per store: tspio
2025-07-23 10:20:14,738 [pool-3-thread-2] WARN : ⚠️ Nessun articolo trovato nello store tspio per item 6005
2025-07-23 10:20:17,658 [pool-3-thread-2] INFO : analisi item: 6005 per store: andeekey
2025-07-23 10:20:18,267 [pool-3-thread-3] INFO : analisi item: 4589b per store: tspio
2025-07-23 10:20:19,295 [pool-3-thread-2] INFO : Thread pool-3-thread-2 → componente 28/58
2025-07-23 10:20:23,597 [pool-3-thread-3] INFO : analisi item: 4589b per store: andeekey
2025-07-23 10:20:25,130 [pool-3-thread-3] INFO : Thread pool-3-thread-3 → componente 29/58
2025-07-23 10:20:25,624 [pool-3-thread-1] INFO : analisi item: 43719 per store: andeekey
2025-07-23 10:20:27,414 [pool-3-thread-1] INFO : Thread pool-3-thread-1 → componente 30/58
2025-07-23 10:20:29,886 [pool-3-thread-2] INFO : analisi item: 15068 per store: tspio
2025-07-23 10:20:33,019 [pool-3-thread-3] INFO : analisi item: 6060 per store: tspio
2025-07-23 10:20:36,115 [pool-3-thread-1] INFO : analisi item: 47458 per store: tspio
2025-07-23 10:20:37,065 [pool-3-thread-2] INFO : analisi item: 15068 per store: andeekey
2025-07-23 10:20:38,858 [pool-3-thread-2] INFO : Thread pool-3-thread-2 → componente 31/58
2025-07-23 10:20:41,162 [pool-3-thread-3] INFO : analisi item: 6060 per store: andeekey
2025-07-23 10:20:43,628 [pool-3-thread-1] INFO : analisi item: 47458 per store: andeekey
2025-07-23 10:20:44,326 [pool-3-thread-3] INFO : Thread pool-3-thread-3 → componente 32/58
2025-07-23 10:20:45,467 [pool-3-thread-1] INFO : Thread pool-3-thread-1 → componente 33/58
2025-07-23 10:20:50,074 [pool-3-thread-2] INFO : analisi item: 33085 per store: tspio
2025-07-23 10:20:51,076 [pool-3-thread-3] INFO : analisi item: 30099 per store: tspio
2025-07-23 10:20:52,857 [pool-3-thread-1] INFO : analisi item: 93061 per store: tspio
2025-07-23 10:20:58,917 [pool-3-thread-3] INFO : analisi item: 30099 per store: andeekey
2025-07-23 10:21:00,060 [pool-3-thread-1] INFO : analisi item: 93061 per store: andeekey
2025-07-23 10:21:00,948 [pool-3-thread-3] INFO : Thread pool-3-thread-3 → componente 34/58
2025-07-23 10:21:01,454 [pool-3-thread-2] INFO : analisi item: 33085 per store: andeekey
2025-07-23 10:21:03,033 [pool-3-thread-2] INFO : Thread pool-3-thread-2 → componente 35/58
2025-07-23 10:21:11,843 [pool-3-thread-3] INFO : analisi item: 4085d per store: tspio
2025-07-23 10:21:14,044 [pool-3-thread-2] INFO : analisi item: 63864 per store: tspio
2025-07-23 10:21:16,480 [pool-3-thread-1] WARN : ⚠️ Nessun articolo trovato nello store andeekey per item 93061
2025-07-23 10:21:16,586 [pool-3-thread-1] INFO : Thread pool-3-thread-1 → componente 36/58
2025-07-23 10:21:18,941 [pool-3-thread-3] INFO : analisi item: 4085d per store: andeekey
2025-07-23 10:21:22,162 [pool-3-thread-3] INFO : Thread pool-3-thread-3 → componente 37/58
2025-07-23 10:21:28,311 [pool-3-thread-1] INFO : analisi item: 87609 per store: tspio
2025-07-23 10:21:30,028 [pool-3-thread-2] WARN : ⚠️ Nessun articolo trovato nello store tspio per item 63864
2025-07-23 10:21:32,424 [pool-3-thread-2] INFO : analisi item: 63864 per store: andeekey
2025-07-23 10:21:34,052 [pool-3-thread-2] INFO : Thread pool-3-thread-2 → componente 38/58
2025-07-23 10:21:34,526 [pool-3-thread-3] INFO : analisi item: 62113 per store: tspio
2025-07-23 10:21:39,651 [pool-3-thread-3] INFO : analisi item: 62113 per store: andeekey
2025-07-23 10:21:43,003 [pool-3-thread-3] INFO : Thread pool-3-thread-3 → componente 39/58
2025-07-23 10:21:46,721 [pool-3-thread-2] INFO : analisi item: 15571 per store: tspio
2025-07-23 10:21:46,945 [pool-3-thread-1] WARN : ⚠️ Nessun articolo trovato nello store tspio per item 87609
2025-07-23 10:21:47,250 [pool-3-thread-1] INFO : analisi item: 87609 per store: andeekey
2025-07-23 10:21:49,152 [pool-3-thread-1] INFO : Thread pool-3-thread-1 → componente 40/58
2025-07-23 10:21:51,094 [pool-3-thread-3] INFO : analisi item: 63864 per store: tspio
2025-07-23 10:21:53,730 [pool-3-thread-2] INFO : analisi item: 15571 per store: andeekey
2025-07-23 10:21:55,901 [pool-3-thread-2] INFO : Thread pool-3-thread-2 → componente 41/58
2025-07-23 10:21:57,347 [pool-3-thread-1] INFO : analisi item: 93609 per store: tspio
2025-07-23 10:22:04,241 [pool-3-thread-1] INFO : analisi item: 93609 per store: andeekey
2025-07-23 10:22:06,897 [pool-3-thread-2] INFO : analisi item: 13564 per store: tspio
2025-07-23 10:22:07,404 [pool-3-thread-1] INFO : Thread pool-3-thread-1 → componente 42/58
2025-07-23 10:22:10,561 [pool-3-thread-3] WARN : ⚠️ Nessun articolo trovato nello store tspio per item 63864
2025-07-23 10:22:14,925 [pool-3-thread-3] INFO : analisi item: 63864 per store: andeekey
2025-07-23 10:22:16,766 [pool-3-thread-3] INFO : Thread pool-3-thread-3 → componente 43/58
2025-07-23 10:22:17,610 [pool-3-thread-1] INFO : analisi item: 19119 per store: tspio
2025-07-23 10:22:25,162 [pool-3-thread-2] WARN : ⚠️ Nessun articolo trovato nello store tspio per item 13564
2025-07-23 10:22:25,394 [pool-3-thread-3] INFO : analisi item: 15210 per store: tspio
2025-07-23 10:22:25,821 [pool-3-thread-2] INFO : analisi item: 13564 per store: andeekey
2025-07-23 10:22:27,439 [pool-3-thread-1] INFO : analisi item: 19119 per store: andeekey
2025-07-23 10:22:27,792 [pool-3-thread-2] INFO : Thread pool-3-thread-2 → componente 44/58
2025-07-23 10:22:29,284 [pool-3-thread-1] INFO : Thread pool-3-thread-1 → componente 45/58
2025-07-23 10:22:39,691 [pool-3-thread-1] INFO : analisi item: 3626 per store: tspio
2025-07-23 10:22:40,259 [pool-3-thread-2] INFO : analisi item: 87580 per store: tspio
2025-07-23 10:22:44,178 [pool-3-thread-3] WARN : ⚠️ Nessun articolo trovato nello store tspio per item 15210
2025-07-23 10:22:47,768 [pool-3-thread-3] INFO : analisi item: 15210 per store: andeekey
2025-07-23 10:22:49,497 [pool-3-thread-3] INFO : Thread pool-3-thread-3 → componente 46/58
2025-07-23 10:22:50,501 [pool-3-thread-2] INFO : analisi item: 87580 per store: andeekey
2025-07-23 10:22:52,553 [pool-3-thread-2] INFO : Thread pool-3-thread-2 → componente 47/58
2025-07-23 10:22:56,149 [pool-3-thread-3] INFO : analisi item: 51739 per store: tspio
2025-07-23 10:22:58,811 [pool-3-thread-1] WARN : ⚠️ Nessun articolo trovato nello store tspio per item 3626
2025-07-23 10:23:00,408 [pool-3-thread-2] INFO : analisi item: 60478 per store: tspio
2025-07-23 10:23:00,470 [pool-3-thread-3] INFO : analisi item: 51739 per store: andeekey
2025-07-23 10:23:00,492 [pool-3-thread-1] INFO : analisi item: 3626 per store: andeekey
2025-07-23 10:23:02,457 [pool-3-thread-3] INFO : Thread pool-3-thread-3 → componente 48/58
2025-07-23 10:23:07,917 [pool-3-thread-3] INFO : analisi item: 2339 per store: tspio
2025-07-23 10:23:09,632 [pool-3-thread-2] INFO : analisi item: 60478 per store: andeekey
2025-07-23 10:23:11,713 [pool-3-thread-2] INFO : Thread pool-3-thread-2 → componente 49/58
2025-07-23 10:23:15,175 [pool-3-thread-3] INFO : analisi item: 2339 per store: andeekey
2025-07-23 10:23:15,867 [pool-3-thread-2] INFO : analisi item: 30126 per store: tspio
2025-07-23 10:23:16,743 [pool-3-thread-1] WARN : ⚠️ Nessun articolo trovato nello store andeekey per item 3626
2025-07-23 10:23:16,878 [pool-3-thread-1] INFO : Thread pool-3-thread-1 → componente 50/58
2025-07-23 10:23:17,329 [pool-3-thread-3] INFO : Thread pool-3-thread-3 → componente 51/58
2025-07-23 10:23:20,824 [pool-3-thread-2] INFO : analisi item: 30126 per store: andeekey
2025-07-23 10:23:22,686 [pool-3-thread-2] INFO : Thread pool-3-thread-2 → componente 52/58
2025-07-23 10:23:24,103 [pool-3-thread-1] INFO : analisi item: 20482 per store: tspio
2025-07-23 10:23:27,007 [pool-3-thread-2] INFO : analisi item: 3633 per store: tspio
2025-07-23 10:23:27,138 [pool-3-thread-3] INFO : analisi item: 11215 per store: tspio
2025-07-23 10:23:33,335 [pool-3-thread-2] INFO : analisi item: 3633 per store: andeekey
2025-07-23 10:23:33,393 [pool-3-thread-1] INFO : analisi item: 20482 per store: andeekey
2025-07-23 10:23:35,257 [pool-3-thread-2] INFO : Thread pool-3-thread-2 → componente 53/58
2025-07-23 10:23:35,318 [pool-3-thread-1] INFO : Thread pool-3-thread-1 → componente 54/58
2025-07-23 10:23:35,691 [pool-3-thread-3] INFO : analisi item: 11215 per store: andeekey
2025-07-23 10:23:37,646 [pool-3-thread-3] INFO : Thread pool-3-thread-3 → componente 55/58
2025-07-23 10:23:41,448 [pool-3-thread-2] INFO : analisi item: 15571 per store: tspio
2025-07-23 10:23:47,489 [pool-3-thread-1] INFO : analisi item: 15470 per store: tspio
2025-07-23 10:23:48,844 [pool-3-thread-2] INFO : analisi item: 15571 per store: andeekey
2025-07-23 10:23:49,023 [pool-3-thread-3] INFO : analisi item: 3626 per store: tspio
2025-07-23 10:23:51,900 [pool-3-thread-2] INFO : Thread pool-3-thread-2 → componente 56/58
2025-07-23 10:24:02,809 [pool-3-thread-1] INFO : analisi item: 15470 per store: andeekey
2025-07-23 10:24:04,802 [pool-3-thread-1] INFO : Thread pool-3-thread-1 → componente 57/58
2025-07-23 10:24:04,816 [pool-3-thread-2] INFO : analisi item: 6636 per store: tspio
2025-07-23 10:24:12,322 [pool-3-thread-3] WARN : ⚠️ Nessun articolo trovato nello store tspio per item 3626
2025-07-23 10:24:12,640 [pool-3-thread-3] INFO : analisi item: 3626 per store: andeekey
2025-07-23 10:24:14,195 [pool-3-thread-3] INFO : Thread pool-3-thread-3 → componente 58/58
2025-07-23 10:24:14,833 [pool-3-thread-1] INFO : analisi item: 60476 per store: tspio
2025-07-23 10:24:22,913 [pool-3-thread-3] INFO : analisi item: 87087 per store: tspio
2025-07-23 10:24:23,918 [pool-3-thread-2] WARN : ⚠️ Nessun articolo trovato nello store tspio per item 6636
2025-07-23 10:24:24,666 [pool-3-thread-1] INFO : analisi item: 60476 per store: andeekey
2025-07-23 10:24:27,750 [pool-3-thread-2] INFO : analisi item: 6636 per store: andeekey
2025-07-23 10:24:32,567 [pool-3-thread-3] INFO : analisi item: 87087 per store: andeekey
2025-07-23 10:24:48,694 [pool-3-thread-3] WARN : ⚠️ Nessun articolo trovato nello store andeekey per item 87087
2025-07-23 10:29:58,476 [AWT-EventQueue-0] INFO : check before start elab
2025-07-23 10:29:58,478 [AWT-EventQueue-0] INFO : Selezione File: OK
2025-07-23 10:29:58,478 [AWT-EventQueue-0] INFO : Controllo estensione: OK
2025-07-23 10:29:58,478 [AWT-EventQueue-0] INFO : Inizio elaborazione
2025-07-23 10:29:58,567 [AWT-EventQueue-0] INFO : Caricamento XML Wanted List
2025-07-23 10:29:58,599 [AWT-EventQueue-0] INFO : Caricamento dati da BL
2025-07-23 10:29:58,599 [AWT-EventQueue-0] INFO : Avvio parsing multi-thread con 3 thread
2025-07-23 10:29:58,605 [pool-2-thread-3] INFO : Thread pool-2-thread-3 → componente 3/58
2025-07-23 10:29:58,605 [pool-2-thread-1] INFO : Thread pool-2-thread-1 → componente 1/58
2025-07-23 10:29:58,605 [pool-2-thread-2] INFO : Thread pool-2-thread-2 → componente 2/58
2025-07-23 10:30:07,405 [pool-2-thread-1] INFO : analisi item: 25375 per store: tspio
2025-07-23 10:30:07,405 [pool-2-thread-2] INFO : analisi item: 98128 per store: tspio
2025-07-23 10:30:09,155 [pool-2-thread-3] INFO : analisi item: 2614 per store: tspio
2025-07-23 10:30:14,920 [pool-2-thread-2] INFO : analisi item: 98128 per store: andeekey
2025-07-23 10:30:15,913 [pool-2-thread-1] INFO : analisi item: 25375 per store: andeekey
2025-07-23 10:30:21,427 [pool-2-thread-2] INFO : Thread pool-2-thread-2 → componente 4/58
2025-07-23 10:30:21,672 [pool-2-thread-1] INFO : Thread pool-2-thread-1 → componente 5/58
2025-07-23 10:30:29,218 [pool-2-thread-1] INFO : analisi item: 47456 per store: tspio
2025-07-23 10:30:30,103 [pool-2-thread-3] WARN : ⚠️ Nessun articolo trovato nello store tspio per item 2614
2025-07-23 10:30:33,723 [pool-2-thread-2] INFO : analisi item: 30340 per store: tspio
2025-07-23 10:30:36,319 [pool-2-thread-1] INFO : analisi item: 47456 per store: andeekey
2025-07-23 10:30:36,536 [pool-2-thread-3] INFO : analisi item: 2614 per store: andeekey
2025-07-23 10:30:37,354 [pool-2-thread-2] INFO : analisi item: 30340 per store: andeekey
2025-07-23 10:30:38,162 [pool-2-thread-1] INFO : Thread pool-2-thread-1 → componente 6/58
2025-07-23 10:30:38,330 [pool-2-thread-3] INFO : Thread pool-2-thread-3 → componente 7/58
2025-07-23 10:30:43,411 [pool-2-thread-3] INFO : analisi item: 98141 per store: tspio
2025-07-23 10:30:44,192 [pool-2-thread-1] INFO : analisi item: 92338 per store: tspio
2025-07-23 10:31:53,635 [AWT-EventQueue-0] INFO : check before start elab
2025-07-23 10:31:53,637 [AWT-EventQueue-0] INFO : Selezione File: OK
2025-07-23 10:31:53,638 [AWT-EventQueue-0] INFO : Controllo estensione: OK
2025-07-23 10:31:53,638 [AWT-EventQueue-0] INFO : Inizio elaborazione
2025-07-23 10:31:53,653 [AWT-EventQueue-0] INFO : Caricamento XML Wanted List
2025-07-23 10:31:53,659 [AWT-EventQueue-0] INFO : Caricamento dati da BL
2025-07-23 10:31:53,660 [AWT-EventQueue-0] INFO : Avvio parsing multi-thread con 3 thread
2025-07-23 10:31:53,665 [pool-2-thread-3] INFO : Thread pool-2-thread-3 → componente 3/58
2025-07-23 10:31:53,665 [pool-2-thread-1] INFO : Thread pool-2-thread-1 → componente 1/58
2025-07-23 10:31:53,665 [pool-2-thread-2] INFO : Thread pool-2-thread-2 → componente 2/58
2025-07-23 10:32:00,546 [pool-2-thread-3] INFO : analisi item: 2614 per store: tspio
2025-07-23 10:32:01,913 [pool-2-thread-1] INFO : analisi item: 25375 per store: tspio
2025-07-23 10:32:02,404 [pool-2-thread-2] INFO : analisi item: 98128 per store: tspio
2025-07-23 10:32:08,136 [pool-2-thread-1] INFO : analisi item: 25375 per store: andeekey
2025-07-23 10:32:09,789 [pool-2-thread-2] INFO : analisi item: 98128 per store: andeekey
2025-07-23 10:32:10,273 [pool-2-thread-1] INFO : Thread pool-2-thread-1 → componente 4/58
2025-07-23 10:32:11,451 [pool-2-thread-2] INFO : Thread pool-2-thread-2 → componente 5/58
2025-07-23 10:32:18,416 [pool-2-thread-1] INFO : analisi item: 30340 per store: tspio
2025-07-23 10:32:19,235 [pool-2-thread-3] WARN : ⚠️ Nessun articolo trovato nello store tspio per item 2614
2025-07-23 10:32:19,829 [pool-2-thread-3] INFO : analisi item: 2614 per store: andeekey
2025-07-23 10:32:21,781 [pool-2-thread-3] INFO : Thread pool-2-thread-3 → componente 6/58
2025-07-23 10:32:22,323 [pool-2-thread-2] INFO : analisi item: 47456 per store: tspio
2025-07-23 10:32:24,595 [pool-2-thread-1] INFO : analisi item: 30340 per store: andeekey
2025-07-23 10:32:30,436 [pool-2-thread-2] INFO : analisi item: 47456 per store: andeekey
2025-07-23 10:32:32,268 [pool-2-thread-2] INFO : Thread pool-2-thread-2 → componente 7/58
2025-07-23 10:32:35,022 [pool-2-thread-3] INFO : analisi item: 92338 per store: tspio
2025-07-23 10:32:40,606 [pool-2-thread-2] INFO : analisi item: 98141 per store: tspio
2025-07-23 10:32:40,802 [pool-2-thread-1] WARN : ⚠️ Nessun articolo trovato nello store andeekey per item 30340
2025-07-23 10:32:40,931 [pool-2-thread-1] INFO : Thread pool-2-thread-1 → componente 8/58
2025-07-23 10:32:49,440 [pool-2-thread-2] INFO : analisi item: 98141 per store: andeekey
2025-07-23 10:32:49,944 [pool-2-thread-1] INFO : analisi item: 87747 per store: tspio
2025-07-23 10:32:51,402 [pool-2-thread-2] INFO : Thread pool-2-thread-2 → componente 9/58
2025-07-23 10:32:53,659 [pool-2-thread-3] WARN : ⚠️ Nessun articolo trovato nello store tspio per item 92338
2025-07-23 10:32:54,332 [pool-2-thread-3] INFO : analisi item: 92338 per store: andeekey
2025-07-23 10:32:55,179 [pool-2-thread-1] INFO : analisi item: 87747 per store: andeekey
2025-07-23 10:32:55,974 [pool-2-thread-3] INFO : Thread pool-2-thread-3 → componente 10/58
2025-07-23 10:32:57,109 [pool-2-thread-1] INFO : Thread pool-2-thread-1 → componente 11/58
2025-07-23 10:32:57,734 [pool-2-thread-2] INFO : analisi item: 24588 per store: tspio
2025-07-23 10:33:04,766 [pool-2-thread-2] INFO : analisi item: 24588 per store: andeekey
2025-07-23 10:33:07,135 [pool-2-thread-1] INFO : analisi item: 18962 per store: tspio
2025-07-23 10:33:07,240 [pool-2-thread-3] INFO : analisi item: 90391pb03 per store: tspio
2025-07-23 10:33:19,750 [pool-2-thread-1] INFO : analisi item: 18962 per store: andeekey
2025-07-23 10:33:20,811 [pool-2-thread-2] WARN : ⚠️ Nessun articolo trovato nello store andeekey per item 24588
2025-07-23 10:33:21,008 [pool-2-thread-2] INFO : Thread pool-2-thread-2 → componente 12/58
2025-07-23 10:33:21,470 [pool-2-thread-1] INFO : Thread pool-2-thread-1 → componente 13/58
2025-07-23 10:33:28,202 [pool-2-thread-3] WARN : ⚠️ Nessun articolo trovato nello store tspio per item 90391pb03
2025-07-23 10:33:30,567 [pool-2-thread-3] INFO : analisi item: 90391pb03 per store: andeekey
2025-07-23 10:33:32,157 [pool-2-thread-3] WARN : ❌ Errore articolo #1: For input string: "2,400.00"
2025-07-23 10:33:32,367 [pool-2-thread-2] INFO : analisi item: 23986 per store: tspio
2025-07-23 10:33:32,412 [pool-2-thread-3] WARN : ❌ Errore articolo #1: For input string: "3,950.00"
2025-07-23 10:33:32,557 [pool-2-thread-3] INFO : Thread pool-2-thread-3 → componente 14/58
2025-07-23 10:33:34,293 [pool-2-thread-1] INFO : analisi item: 3062 per store: tspio
2025-07-23 10:33:43,056 [pool-2-thread-2] INFO : analisi item: 23986 per store: andeekey
2025-07-23 10:33:45,040 [pool-2-thread-2] INFO : Thread pool-2-thread-2 → componente 15/58
2025-07-23 10:33:45,489 [pool-2-thread-3] INFO : analisi item: 50305 per store: tspio
2025-07-23 10:33:48,232 [pool-2-thread-2] INFO : analisi item: 50304 per store: tspio
2025-07-23 10:33:51,793 [pool-2-thread-3] INFO : analisi item: 50305 per store: andeekey
2025-07-23 10:33:52,914 [pool-2-thread-1] WARN : ⚠️ Nessun articolo trovato nello store tspio per item 3062
2025-07-23 10:33:53,041 [pool-2-thread-1] INFO : analisi item: 3062 per store: andeekey
2025-07-23 10:33:55,656 [pool-2-thread-2] INFO : analisi item: 50304 per store: andeekey
2025-07-23 10:33:55,657 [pool-2-thread-3] INFO : Thread pool-2-thread-3 → componente 16/58
2025-07-23 10:33:56,400 [pool-2-thread-1] INFO : Thread pool-2-thread-1 → componente 17/58
2025-07-23 10:33:57,338 [pool-2-thread-2] INFO : Thread pool-2-thread-2 → componente 18/58
2025-07-23 10:34:00,542 [pool-2-thread-2] INFO : analisi item: 11212 per store: tspio
2025-07-23 10:34:00,980 [pool-2-thread-3] INFO : analisi item: 60470b per store: tspio
2025-07-23 10:34:06,779 [pool-2-thread-1] INFO : analisi item: 64644 per store: tspio
2025-07-23 10:34:07,171 [pool-2-thread-3] INFO : analisi item: 60470b per store: andeekey
2025-07-23 10:34:11,231 [pool-2-thread-3] INFO : Thread pool-2-thread-3 → componente 19/58
2025-07-23 10:34:11,499 [pool-2-thread-2] INFO : analisi item: 11212 per store: andeekey
2025-07-23 10:34:13,054 [pool-2-thread-2] INFO : Thread pool-2-thread-2 → componente 20/58
2025-07-23 10:34:17,185 [pool-2-thread-1] INFO : analisi item: 64644 per store: andeekey
2025-07-23 10:34:20,331 [pool-2-thread-3] INFO : analisi item: 16577 per store: tspio
2025-07-23 10:34:20,683 [pool-2-thread-1] INFO : Thread pool-2-thread-1 → componente 21/58
2025-07-23 10:34:23,225 [pool-2-thread-2] INFO : analisi item: 30104 per store: tspio
2025-07-23 10:34:30,187 [pool-2-thread-3] INFO : analisi item: 16577 per store: andeekey
2025-07-23 10:34:31,758 [pool-2-thread-3] INFO : Thread pool-2-thread-3 → componente 22/58
2025-07-23 10:34:35,910 [pool-2-thread-1] INFO : analisi item: 23950 per store: tspio
2025-07-23 10:34:38,920 [pool-2-thread-3] INFO : analisi item: 93059 per store: tspio
2025-07-23 10:34:42,029 [pool-2-thread-2] WARN : ⚠️ Nessun articolo trovato nello store tspio per item 30104
2025-07-23 10:34:43,561 [pool-2-thread-1] INFO : analisi item: 23950 per store: andeekey
2025-07-23 10:34:45,121 [pool-2-thread-1] INFO : Thread pool-2-thread-1 → componente 23/58
2025-07-23 10:34:45,845 [pool-2-thread-3] INFO : analisi item: 93059 per store: andeekey
2025-07-23 10:34:46,880 [pool-2-thread-2] INFO : analisi item: 30104 per store: andeekey
2025-07-23 10:34:47,958 [pool-2-thread-3] INFO : Thread pool-2-thread-3 → componente 24/58
2025-07-23 10:34:48,626 [pool-2-thread-2] INFO : Thread pool-2-thread-2 → componente 25/58
2025-07-23 10:34:56,861 [pool-2-thread-1] INFO : analisi item: 4070 per store: tspio
2025-07-23 10:34:58,256 [pool-2-thread-3] INFO : analisi item: 3068 per store: tspio
2025-07-23 10:34:59,897 [pool-2-thread-2] INFO : analisi item: 6005 per store: tspio
2025-07-23 10:35:06,256 [pool-2-thread-3] INFO : analisi item: 3068 per store: andeekey
2025-07-23 10:35:08,663 [pool-2-thread-3] INFO : Thread pool-2-thread-3 → componente 26/58
2025-07-23 10:35:15,443 [pool-2-thread-1] WARN : ⚠️ Nessun articolo trovato nello store tspio per item 4070
2025-07-23 10:35:16,783 [pool-2-thread-1] INFO : analisi item: 4070 per store: andeekey
2025-07-23 10:35:18,644 [pool-2-thread-1] INFO : Thread pool-2-thread-1 → componente 27/58
2025-07-23 10:35:19,183 [pool-2-thread-2] WARN : ⚠️ Nessun articolo trovato nello store tspio per item 6005
2025-07-23 10:35:19,538 [pool-2-thread-3] INFO : analisi item: 43719 per store: tspio
2025-07-23 10:35:21,096 [pool-2-thread-2] INFO : analisi item: 6005 per store: andeekey
2025-07-23 10:35:22,948 [pool-2-thread-2] INFO : Thread pool-2-thread-2 → componente 28/58
2025-07-23 10:35:24,145 [pool-2-thread-3] INFO : analisi item: 43719 per store: andeekey
2025-07-23 10:35:25,988 [pool-2-thread-3] INFO : Thread pool-2-thread-3 → componente 29/58
2025-07-23 10:35:27,766 [pool-2-thread-1] INFO : analisi item: 4589b per store: tspio
2025-07-23 10:35:32,289 [pool-2-thread-2] INFO : analisi item: 15068 per store: tspio
2025-07-23 10:35:36,214 [pool-2-thread-1] INFO : analisi item: 4589b per store: andeekey
2025-07-23 10:35:36,591 [pool-2-thread-3] INFO : analisi item: 6060 per store: tspio
2025-07-23 10:35:36,895 [pool-2-thread-2] INFO : analisi item: 15068 per store: andeekey
2025-07-23 10:35:38,773 [pool-2-thread-2] INFO : Thread pool-2-thread-2 → componente 30/58
2025-07-23 10:35:39,568 [pool-2-thread-1] INFO : Thread pool-2-thread-1 → componente 31/58
2025-07-23 10:35:42,288 [pool-2-thread-3] INFO : analisi item: 6060 per store: andeekey
2025-07-23 10:35:43,888 [pool-2-thread-3] INFO : Thread pool-2-thread-3 → componente 32/58
2025-07-23 10:35:48,320 [pool-2-thread-2] INFO : analisi item: 47458 per store: tspio
2025-07-23 10:35:50,118 [pool-2-thread-1] INFO : analisi item: 33085 per store: tspio
2025-07-23 10:35:56,394 [pool-2-thread-3] INFO : analisi item: 30099 per store: tspio
2025-07-23 10:35:58,197 [pool-2-thread-1] INFO : analisi item: 33085 per store: andeekey
2025-07-23 10:35:59,709 [pool-2-thread-2] INFO : analisi item: 47458 per store: andeekey
2025-07-23 10:36:01,337 [pool-2-thread-3] INFO : analisi item: 30099 per store: andeekey
2025-07-23 10:36:01,339 [pool-2-thread-1] INFO : Thread pool-2-thread-1 → componente 33/58
2025-07-23 10:36:01,763 [pool-2-thread-2] INFO : Thread pool-2-thread-2 → componente 34/58
2025-07-23 10:36:03,003 [pool-2-thread-3] INFO : Thread pool-2-thread-3 → componente 35/58
2025-07-23 10:36:08,289 [pool-2-thread-2] INFO : analisi item: 4085d per store: tspio
2025-07-23 10:36:10,776 [pool-2-thread-1] INFO : analisi item: 93061 per store: tspio
2025-07-23 10:36:12,985 [pool-2-thread-2] INFO : analisi item: 4085d per store: andeekey
2025-07-23 10:36:14,753 [pool-2-thread-2] INFO : Thread pool-2-thread-2 → componente 36/58
2025-07-23 10:36:15,085 [pool-2-thread-3] INFO : analisi item: 63864 per store: tspio
2025-07-23 10:36:20,783 [pool-2-thread-1] INFO : analisi item: 93061 per store: andeekey
2025-07-23 10:36:23,268 [pool-2-thread-2] INFO : analisi item: 87609 per store: tspio
2025-07-23 10:36:34,410 [pool-2-thread-3] WARN : ⚠️ Nessun articolo trovato nello store tspio per item 63864
2025-07-23 10:36:37,564 [pool-2-thread-1] WARN : ⚠️ Nessun articolo trovato nello store andeekey per item 93061
2025-07-23 10:36:37,686 [pool-2-thread-1] INFO : Thread pool-2-thread-1 → componente 37/58
2025-07-23 10:36:39,874 [pool-2-thread-1] INFO : analisi item: 62113 per store: tspio
2025-07-23 10:36:41,194 [pool-2-thread-3] INFO : analisi item: 63864 per store: andeekey
2025-07-23 10:36:41,475 [pool-2-thread-2] WARN : ⚠️ Nessun articolo trovato nello store tspio per item 87609
2025-07-23 10:36:42,174 [pool-2-thread-2] INFO : analisi item: 87609 per store: andeekey
2025-07-23 10:36:42,712 [pool-2-thread-3] INFO : Thread pool-2-thread-3 → componente 38/58
2025-07-23 10:36:43,856 [pool-2-thread-1] INFO : analisi item: 62113 per store: andeekey
2025-07-23 10:36:43,965 [pool-2-thread-2] INFO : Thread pool-2-thread-2 → componente 39/58
2025-07-23 10:36:45,627 [pool-2-thread-1] INFO : Thread pool-2-thread-1 → componente 40/58
2025-07-23 10:36:52,815 [pool-2-thread-3] INFO : analisi item: 15571 per store: tspio
2025-07-23 10:36:53,413 [pool-2-thread-1] INFO : analisi item: 93609 per store: tspio
2025-07-23 10:36:55,986 [pool-2-thread-2] INFO : analisi item: 63864 per store: tspio
2025-07-23 10:37:00,344 [pool-2-thread-1] INFO : analisi item: 93609 per store: andeekey
2025-07-23 10:37:02,883 [pool-2-thread-1] INFO : Thread pool-2-thread-1 → componente 41/58
2025-07-23 10:37:04,011 [pool-2-thread-3] INFO : analisi item: 15571 per store: andeekey
2025-07-23 10:37:06,257 [pool-2-thread-3] INFO : Thread pool-2-thread-3 → componente 42/58
2025-07-23 10:37:07,054 [pool-2-thread-1] INFO : analisi item: 13564 per store: tspio
2025-07-23 10:37:11,267 [pool-2-thread-3] INFO : analisi item: 19119 per store: tspio
2025-07-23 10:37:19,208 [pool-2-thread-2] WARN : ⚠️ Nessun articolo trovato nello store tspio per item 63864
2025-07-23 10:37:20,105 [pool-2-thread-3] INFO : analisi item: 19119 per store: andeekey
2025-07-23 10:37:21,046 [pool-2-thread-2] INFO : analisi item: 63864 per store: andeekey
2025-07-23 10:37:22,105 [pool-2-thread-3] INFO : Thread pool-2-thread-3 → componente 43/58
2025-07-23 10:37:23,132 [pool-2-thread-2] INFO : Thread pool-2-thread-2 → componente 44/58
2025-07-23 10:37:26,470 [pool-2-thread-1] WARN : ⚠️ Nessun articolo trovato nello store tspio per item 13564
2025-07-23 10:37:29,653 [pool-2-thread-1] INFO : analisi item: 13564 per store: andeekey
2025-07-23 10:37:30,034 [pool-2-thread-2] INFO : analisi item: 87580 per store: tspio
2025-07-23 10:37:31,728 [pool-2-thread-1] INFO : Thread pool-2-thread-1 → componente 45/58
2025-07-23 10:37:34,283 [pool-2-thread-3] INFO : analisi item: 15210 per store: tspio
2025-07-23 10:37:37,384 [pool-2-thread-1] INFO : analisi item: 3626 per store: tspio
2025-07-23 10:37:39,600 [pool-2-thread-2] INFO : analisi item: 87580 per store: andeekey
2025-07-23 10:37:43,095 [pool-2-thread-2] INFO : Thread pool-2-thread-2 → componente 46/58
2025-07-23 10:37:51,486 [pool-2-thread-2] INFO : analisi item: 51739 per store: tspio
2025-07-23 10:37:52,456 [pool-2-thread-3] WARN : ⚠️ Nessun articolo trovato nello store tspio per item 15210
2025-07-23 10:37:57,626 [pool-2-thread-3] INFO : analisi item: 15210 per store: andeekey
2025-07-23 10:37:58,997 [pool-2-thread-1] WARN : ⚠️ Nessun articolo trovato nello store tspio per item 3626
2025-07-23 10:37:59,197 [pool-2-thread-3] INFO : Thread pool-2-thread-3 → componente 47/58
2025-07-23 10:37:59,487 [pool-2-thread-2] INFO : analisi item: 51739 per store: andeekey
2025-07-23 10:38:01,000 [pool-2-thread-2] INFO : Thread pool-2-thread-2 → componente 48/58
2025-07-23 10:38:04,546 [pool-2-thread-1] INFO : analisi item: 3626 per store: andeekey
2025-07-23 10:38:09,624 [pool-2-thread-3] INFO : analisi item: 60478 per store: tspio
2025-07-23 10:38:13,924 [pool-2-thread-3] INFO : analisi item: 60478 per store: andeekey
2025-07-23 10:38:14,747 [pool-2-thread-2] INFO : analisi item: 2339 per store: tspio
2025-07-23 10:38:17,352 [pool-2-thread-3] INFO : Thread pool-2-thread-3 → componente 49/58
2025-07-23 10:38:20,439 [pool-2-thread-1] WARN : ⚠️ Nessun articolo trovato nello store andeekey per item 3626
2025-07-23 10:38:20,579 [pool-2-thread-1] INFO : Thread pool-2-thread-1 → componente 50/58
2025-07-23 10:38:21,703 [pool-2-thread-2] INFO : analisi item: 2339 per store: andeekey
2025-07-23 10:38:23,451 [pool-2-thread-2] INFO : Thread pool-2-thread-2 → componente 51/58
2025-07-23 10:38:25,134 [pool-2-thread-3] INFO : analisi item: 30126 per store: tspio
2025-07-23 10:38:32,725 [pool-2-thread-2] INFO : analisi item: 11215 per store: tspio
2025-07-23 10:38:33,115 [pool-2-thread-1] INFO : analisi item: 20482 per store: tspio
2025-07-23 10:38:34,643 [pool-2-thread-3] INFO : analisi item: 30126 per store: andeekey
2025-07-23 10:38:36,649 [pool-2-thread-3] INFO : Thread pool-2-thread-3 → componente 52/58
2025-07-23 10:38:37,735 [pool-2-thread-2] INFO : analisi item: 11215 per store: andeekey
2025-07-23 10:38:38,637 [pool-2-thread-3] INFO : analisi item: 3633 per store: tspio
2025-07-23 10:38:41,168 [pool-2-thread-2] INFO : Thread pool-2-thread-2 → componente 53/58
2025-07-23 10:38:44,097 [pool-2-thread-1] INFO : analisi item: 20482 per store: andeekey
2025-07-23 10:38:45,557 [pool-2-thread-1] INFO : Thread pool-2-thread-1 → componente 54/58
2025-07-23 10:38:47,095 [pool-2-thread-3] INFO : analisi item: 3633 per store: andeekey
2025-07-23 10:38:49,660 [pool-2-thread-2] INFO : analisi item: 15571 per store: tspio
2025-07-23 10:38:50,473 [pool-2-thread-3] INFO : Thread pool-2-thread-3 → componente 55/58
2025-07-23 10:38:54,776 [pool-2-thread-1] INFO : analisi item: 15470 per store: tspio
2025-07-23 10:38:58,553 [pool-2-thread-3] INFO : analisi item: 3626 per store: tspio
2025-07-23 10:38:59,485 [pool-2-thread-2] INFO : analisi item: 15571 per store: andeekey
2025-07-23 10:39:01,702 [pool-2-thread-2] INFO : Thread pool-2-thread-2 → componente 56/58
2025-07-23 10:39:04,329 [pool-2-thread-1] INFO : analisi item: 15470 per store: andeekey
2025-07-23 10:39:06,047 [pool-2-thread-1] INFO : Thread pool-2-thread-1 → componente 57/58
2025-07-23 10:39:07,539 [pool-2-thread-2] INFO : analisi item: 6636 per store: tspio
2025-07-23 10:39:11,548 [pool-2-thread-1] INFO : analisi item: 60476 per store: tspio
2025-07-23 10:39:16,363 [pool-2-thread-1] INFO : analisi item: 60476 per store: andeekey
2025-07-23 10:39:18,025 [pool-2-thread-1] INFO : Thread pool-2-thread-1 → componente 58/58
2025-07-23 10:39:18,144 [pool-2-thread-3] WARN : ⚠️ Nessun articolo trovato nello store tspio per item 3626
2025-07-23 10:39:24,664 [pool-2-thread-3] INFO : analisi item: 3626 per store: andeekey
2025-07-23 10:39:25,335 [pool-2-thread-1] INFO : analisi item: 87087 per store: tspio
2025-07-23 10:39:27,018 [pool-2-thread-2] WARN : ⚠️ Nessun articolo trovato nello store tspio per item 6636
2025-07-23 10:39:27,166 [pool-2-thread-2] INFO : analisi item: 6636 per store: andeekey
2025-07-23 10:39:29,779 [pool-2-thread-1] INFO : analisi item: 87087 per store: andeekey
2025-07-23 10:39:45,939 [pool-2-thread-1] WARN : ⚠️ Nessun articolo trovato nello store andeekey per item 87087
2025-07-23 10:39:46,087 [AWT-EventQueue-0] INFO : creazione file csv
2025-07-23 12:34:47,162 [AWT-EventQueue-0] INFO : check before start elab
2025-07-23 12:34:47,165 [AWT-EventQueue-0] INFO : Selezione File: OK
2025-07-23 12:34:47,165 [AWT-EventQueue-0] INFO : Controllo estensione: OK
2025-07-23 12:34:47,165 [AWT-EventQueue-0] INFO : Inizio elaborazione
2025-07-23 12:36:24,378 [AWT-EventQueue-0] INFO : check before start elab
2025-07-23 12:36:24,380 [AWT-EventQueue-0] INFO : Selezione File: OK
2025-07-23 12:36:24,380 [AWT-EventQueue-0] INFO : Controllo estensione: OK
2025-07-23 12:36:24,380 [AWT-EventQueue-0] INFO : Inizio elaborazione
2025-07-23 12:37:19,559 [AWT-EventQueue-0] INFO : check before start elab
2025-07-23 12:37:19,562 [AWT-EventQueue-0] INFO : Selezione File: OK
2025-07-23 12:37:19,562 [AWT-EventQueue-0] INFO : Controllo estensione: OK
2025-07-23 12:37:19,562 [AWT-EventQueue-0] INFO : Inizio elaborazione
2025-07-23 12:37:19,715 [AWT-EventQueue-0] INFO : Caricamento XML Wanted List
2025-07-23 12:37:19,746 [AWT-EventQueue-0] INFO : Caricamento dati da BL
2025-07-23 12:37:19,747 [AWT-EventQueue-0] INFO : Avvio parsing multi-thread con 3 thread
2025-07-23 12:37:19,764 [pool-2-thread-2] INFO : Thread pool-2-thread-2 → componente 2/58
2025-07-23 12:37:19,764 [pool-2-thread-3] INFO : Thread pool-2-thread-3 → componente 3/58
2025-07-23 12:37:19,764 [pool-2-thread-1] INFO : Thread pool-2-thread-1 → componente 1/58
2025-07-23 12:37:32,008 [pool-2-thread-3] INFO : analisi item: 2614 per store: tspio
2025-07-23 12:37:32,008 [pool-2-thread-2] INFO : analisi item: 98128 per store: tspio
2025-07-23 12:37:35,561 [pool-2-thread-1] INFO : analisi item: 25375 per store: tspio
2025-07-23 12:37:43,453 [pool-2-thread-2] INFO : analisi item: 98128 per store: andeekey
2025-07-23 12:37:45,400 [pool-2-thread-2] INFO : Thread pool-2-thread-2 → componente 4/58
2025-07-23 12:37:46,113 [pool-2-thread-1] INFO : analisi item: 25375 per store: andeekey
2025-07-23 12:37:48,472 [pool-2-thread-1] INFO : Thread pool-2-thread-1 → componente 5/58
2025-07-23 12:37:49,396 [pool-2-thread-2] INFO : analisi item: 30340 per store: tspio
2025-07-23 12:37:51,332 [pool-2-thread-3] WARN : ⚠️ Nessun articolo trovato nello store tspio per item 2614
2025-07-23 12:37:54,877 [pool-2-thread-3] INFO : analisi item: 2614 per store: andeekey
2025-07-23 12:37:56,788 [pool-2-thread-3] INFO : Thread pool-2-thread-3 → componente 6/58
2025-07-23 12:37:58,530 [pool-2-thread-1] INFO : analisi item: 47456 per store: tspio
2025-07-23 12:38:00,169 [pool-2-thread-2] INFO : analisi item: 30340 per store: andeekey
2025-07-23 12:38:01,195 [pool-2-thread-3] INFO : analisi item: 92338 per store: tspio
2025-07-23 12:38:11,885 [pool-2-thread-1] INFO : analisi item: 47456 per store: andeekey
2025-07-23 12:38:13,744 [pool-2-thread-1] INFO : Thread pool-2-thread-1 → componente 7/58
2025-07-23 12:38:16,617 [pool-2-thread-2] WARN : ⚠️ Nessun articolo trovato nello store andeekey per item 30340
2025-07-23 12:38:16,790 [pool-2-thread-2] INFO : Thread pool-2-thread-2 → componente 8/58
2025-07-23 12:38:21,412 [pool-2-thread-1] INFO : analisi item: 98141 per store: tspio
2025-07-23 12:38:24,268 [pool-2-thread-2] INFO : analisi item: 87747 per store: tspio
2025-07-23 12:38:24,371 [pool-2-thread-3] WARN : ⚠️ Nessun articolo trovato nello store tspio per item 92338
2025-07-23 12:38:27,414 [pool-2-thread-3] INFO : analisi item: 92338 per store: andeekey
2025-07-23 12:38:29,729 [pool-2-thread-3] INFO : Thread pool-2-thread-3 → componente 9/58
2025-07-23 12:38:30,984 [pool-2-thread-1] INFO : analisi item: 98141 per store: andeekey
2025-07-23 12:38:32,888 [pool-2-thread-1] INFO : Thread pool-2-thread-1 → componente 10/58
2025-07-23 12:38:33,466 [pool-2-thread-2] INFO : analisi item: 87747 per store: andeekey
2025-07-23 12:38:35,552 [pool-2-thread-2] INFO : Thread pool-2-thread-2 → componente 11/58
2025-07-23 12:38:39,406 [pool-2-thread-1] INFO : analisi item: 90391pb03 per store: tspio
2025-07-23 12:38:40,013 [pool-2-thread-3] INFO : analisi item: 24588 per store: tspio
2025-07-23 12:38:42,127 [pool-2-thread-2] INFO : analisi item: 18962 per store: tspio
2025-07-23 13:33:16,645 [AWT-EventQueue-0] INFO : check before start elab
2025-07-23 13:33:16,647 [AWT-EventQueue-0] INFO : Selezione File: OK
2025-07-23 13:33:16,647 [AWT-EventQueue-0] INFO : Controllo estensione: OK
2025-07-23 13:33:16,647 [AWT-EventQueue-0] INFO : Inizio elaborazione
2025-07-23 13:33:16,736 [AWT-EventQueue-0] INFO : Caricamento XML Wanted List
2025-07-23 13:33:16,759 [AWT-EventQueue-0] INFO : Caricamento dati da BL
2025-07-23 13:33:16,759 [AWT-EventQueue-0] INFO : Avvio parsing multi-thread con 3 thread
2025-07-23 13:33:16,765 [pool-2-thread-3] INFO : Thread pool-2-thread-3 → componente 3/3
2025-07-23 13:33:16,765 [pool-2-thread-2] INFO : Thread pool-2-thread-2 → componente 2/3
2025-07-23 13:33:16,765 [pool-2-thread-1] INFO : Thread pool-2-thread-1 → componente 1/3
2025-07-23 13:33:29,166 [pool-2-thread-3] INFO : analisi item: 2614 per store: tspio
2025-07-23 13:33:29,691 [pool-2-thread-1] INFO : analisi item: 25375 per store: tspio
2025-07-23 13:33:29,691 [pool-2-thread-2] INFO : analisi item: 98128 per store: tspio
2025-07-23 13:33:34,339 [pool-2-thread-2] INFO : analisi item: 98128 per store: andeekey
2025-07-23 13:33:39,251 [pool-2-thread-1] INFO : analisi item: 25375 per store: andeekey
2025-07-23 13:33:48,658 [pool-2-thread-3] WARN : ⚠️ Nessun articolo trovato nello store tspio per item 2614
2025-07-23 13:33:52,618 [pool-2-thread-3] INFO : analisi item: 2614 per store: andeekey
2025-07-23 13:36:16,446 [AWT-EventQueue-0] INFO : check before start elab
2025-07-23 13:36:16,449 [AWT-EventQueue-0] INFO : Selezione File: OK
2025-07-23 13:36:16,449 [AWT-EventQueue-0] INFO : Controllo estensione: OK
2025-07-23 13:36:16,449 [AWT-EventQueue-0] INFO : Inizio elaborazione
2025-07-23 13:36:32,010 [AWT-EventQueue-0] INFO : Caricamento XML Wanted List
2025-07-23 13:36:32,037 [AWT-EventQueue-0] INFO : Caricamento dati da BL
2025-07-23 13:36:32,037 [AWT-EventQueue-0] INFO : Avvio parsing multi-thread con 3 thread
2025-07-23 13:36:39,516 [pool-2-thread-1] INFO : Thread pool-2-thread-1 → componente 1/3
2025-07-23 13:36:39,516 [pool-2-thread-3] INFO : Thread pool-2-thread-3 → componente 3/3
2025-07-23 13:36:39,516 [pool-2-thread-2] INFO : Thread pool-2-thread-2 → componente 2/3
2025-07-23 13:36:53,464 [pool-2-thread-2] INFO : analisi item: 98128 per store: tspio
2025-07-23 13:36:53,464 [pool-2-thread-1] INFO : analisi item: 25375 per store: tspio
2025-07-23 13:36:53,756 [pool-2-thread-3] INFO : analisi item: 2614 per store: tspio
2025-07-23 13:37:19,644 [pool-2-thread-2] INFO : analisi item: 98128 per store: andeekey
2025-07-23 13:37:25,474 [pool-2-thread-1] INFO : analisi item: 25375 per store: andeekey
2025-07-23 13:37:40,253 [pool-2-thread-3] WARN : ⚠️ Nessun articolo trovato nello store tspio per item 2614
2025-07-23 13:37:43,602 [pool-2-thread-3] INFO : analisi item: 2614 per store: andeekey
2025-07-23 13:40:21,016 [AWT-EventQueue-0] INFO : check before start elab
2025-07-23 13:40:21,018 [AWT-EventQueue-0] INFO : Selezione File: OK
2025-07-23 13:40:21,019 [AWT-EventQueue-0] INFO : Controllo estensione: OK
2025-07-23 13:40:21,019 [AWT-EventQueue-0] INFO : Inizio elaborazione
2025-07-23 13:40:21,038 [AWT-EventQueue-0] INFO : Caricamento XML Wanted List
2025-07-23 13:40:21,042 [AWT-EventQueue-0] INFO : Caricamento dati da BL
2025-07-23 13:40:21,042 [AWT-EventQueue-0] INFO : Avvio parsing multi-thread con 3 thread
2025-07-23 13:40:21,048 [pool-2-thread-2] INFO : Thread pool-2-thread-2 → componente 2/3
2025-07-23 13:40:21,048 [pool-2-thread-1] INFO : Thread pool-2-thread-1 → componente 1/3
2025-07-23 13:40:21,048 [pool-2-thread-3] INFO : Thread pool-2-thread-3 → componente 3/3
2025-07-23 13:40:31,233 [pool-2-thread-2] INFO : analisi item: 98128 per store: tspio
2025-07-23 13:40:37,126 [pool-2-thread-3] INFO : analisi item: 2614 per store: tspio
2025-07-23 13:40:37,629 [pool-2-thread-1] INFO : analisi item: 25375 per store: tspio
2025-07-23 13:40:56,976 [pool-2-thread-3] WARN : ⚠️ Nessun articolo trovato nello store tspio per item 2614
2025-07-23 13:41:03,391 [pool-2-thread-3] INFO : analisi item: 2614 per store: andeekey
2025-07-23 13:42:32,158 [AWT-EventQueue-0] INFO : check before start elab
2025-07-23 13:42:32,160 [AWT-EventQueue-0] INFO : Selezione File: OK
2025-07-23 13:42:32,160 [AWT-EventQueue-0] INFO : Controllo estensione: OK
2025-07-23 13:42:32,161 [AWT-EventQueue-0] INFO : Inizio elaborazione
2025-07-23 13:45:03,035 [AWT-EventQueue-0] INFO : check before start elab
2025-07-23 13:45:03,037 [AWT-EventQueue-0] INFO : Selezione File: OK
2025-07-23 13:45:03,037 [AWT-EventQueue-0] INFO : Controllo estensione: OK
2025-07-23 13:45:03,037 [AWT-EventQueue-0] INFO : Inizio elaborazione
2025-07-23 13:45:03,049 [AWT-EventQueue-0] INFO : Caricamento XML Wanted List
2025-07-23 13:45:03,052 [AWT-EventQueue-0] INFO : Caricamento dati da BL
2025-07-23 13:45:03,052 [AWT-EventQueue-0] INFO : Avvio parsing multi-thread con 3 thread
2025-07-23 13:45:03,058 [pool-2-thread-2] INFO : Thread pool-2-thread-2 → componente 2/3
2025-07-23 13:45:03,058 [pool-2-thread-3] INFO : Thread pool-2-thread-3 → componente 3/3
2025-07-23 13:45:03,058 [pool-2-thread-1] INFO : Thread pool-2-thread-1 → componente 1/3
2025-07-23 13:45:12,807 [pool-2-thread-3] INFO : analisi item: 2614 per store: tspio
2025-07-23 13:45:12,993 [pool-2-thread-1] INFO : analisi item: 25375 per store: tspio
2025-07-23 13:45:13,072 [pool-2-thread-2] INFO : analisi item: 98128 per store: tspio
2025-07-23 13:45:19,009 [pool-2-thread-2] INFO : analisi item: 98128 per store: andeekey
2025-07-23 13:45:20,470 [pool-2-thread-1] INFO : analisi item: 25375 per store: andeekey
2025-07-23 13:45:32,443 [pool-2-thread-3] WARN : ⚠️ Nessun articolo trovato nello store tspio per item 2614
2025-07-23 13:45:35,103 [pool-2-thread-3] INFO : analisi item: 2614 per store: andeekey
2025-07-23 13:45:37,349 [AWT-EventQueue-0] INFO : creazione file csv
2025-07-23 13:45:37,364 [AWT-EventQueue-0] INFO : File Csv creato correttamente
2025-07-23 16:07:17,841 [AWT-EventQueue-0] INFO : check before start elab
2025-07-23 16:07:17,843 [AWT-EventQueue-0] INFO : Selezione File: OK
2025-07-23 16:07:17,843 [AWT-EventQueue-0] INFO : Controllo estensione: OK
2025-07-23 16:07:17,843 [AWT-EventQueue-0] INFO : Inizio elaborazione
2025-07-23 16:07:17,909 [AWT-EventQueue-0] INFO : Caricamento XML Wanted List
2025-07-23 16:07:17,934 [AWT-EventQueue-0] INFO : Caricamento dati da BL
2025-07-23 16:07:17,934 [AWT-EventQueue-0] INFO : Avvio parsing multi-thread con 3 thread
2025-07-23 16:07:17,938 [pool-2-thread-3] INFO : Thread pool-2-thread-3 → componente 3/3
2025-07-23 16:07:17,938 [pool-2-thread-1] INFO : Thread pool-2-thread-1 → componente 1/3
2025-07-23 16:07:17,938 [pool-2-thread-2] INFO : Thread pool-2-thread-2 → componente 2/3
2025-07-23 16:07:27,232 [pool-2-thread-1] INFO : analisi item: 25375 per store: tspio
2025-07-23 16:07:31,158 [pool-2-thread-3] INFO : analisi item: 2614 per store: tspio
2025-07-23 16:07:32,627 [pool-2-thread-2] INFO : analisi item: 98128 per store: tspio
2025-07-23 16:07:37,048 [pool-2-thread-1] INFO : analisi item: 25375 per store: andeekey
2025-07-23 16:07:37,233 [pool-2-thread-2] INFO : analisi item: 98128 per store: andeekey
2025-07-23 16:07:50,310 [pool-2-thread-3] WARN : ⚠️ Nessun articolo trovato nello store tspio per item 2614
2025-07-23 16:07:51,733 [pool-2-thread-3] INFO : analisi item: 2614 per store: andeekey
2025-07-23 16:07:53,923 [AWT-EventQueue-0] INFO : creazione file csv
2025-07-23 16:07:53,936 [AWT-EventQueue-0] INFO : File Csv creato correttamente
2025-07-23 16:36:01,679 [AWT-EventQueue-0] INFO : check before start elab
2025-07-23 16:36:01,681 [AWT-EventQueue-0] INFO : Selezione File: OK
2025-07-23 16:36:01,681 [AWT-EventQueue-0] INFO : Controllo estensione: OK
2025-07-23 16:36:01,681 [AWT-EventQueue-0] INFO : Inizio elaborazione
2025-07-23 16:36:01,776 [AWT-EventQueue-0] INFO : Caricamento XML Wanted List
2025-07-23 16:36:01,803 [AWT-EventQueue-0] INFO : Caricamento dati da BL
2025-07-23 16:36:01,804 [AWT-EventQueue-0] INFO : Avvio parsing multi-thread con 3 thread
2025-07-23 16:36:01,810 [pool-2-thread-1] INFO : Thread pool-2-thread-1 → componente 1/58
2025-07-23 16:36:01,810 [pool-2-thread-2] INFO : Thread pool-2-thread-2 → componente 2/58
2025-07-23 16:36:01,810 [pool-2-thread-3] INFO : Thread pool-2-thread-3 → componente 3/58
2025-07-23 16:36:09,004 [pool-2-thread-2] INFO : analisi item: 98128 per store: tspio
2025-07-23 16:36:09,606 [pool-2-thread-1] INFO : analisi item: 25375 per store: tspio
2025-07-23 16:36:09,631 [pool-2-thread-3] INFO : analisi item: 2614 per store: tspio
2025-07-23 16:36:15,349 [pool-2-thread-2] INFO : analisi item: 98128 per store: andeekey
2025-07-23 16:36:17,145 [pool-2-thread-2] INFO : Thread pool-2-thread-2 → componente 4/58
2025-07-23 16:36:19,858 [pool-2-thread-1] INFO : analisi item: 25375 per store: andeekey
2025-07-23 16:36:21,960 [pool-2-thread-1] INFO : Thread pool-2-thread-1 → componente 5/58
2025-07-23 16:36:23,875 [pool-2-thread-2] INFO : analisi item: 30340 per store: tspio
2025-07-23 16:36:29,912 [pool-2-thread-3] WARN : ⚠️ Nessun articolo trovato nello store tspio per item 2614
2025-07-23 16:36:31,231 [pool-2-thread-2] INFO : analisi item: 30340 per store: andeekey
2025-07-23 16:36:32,853 [pool-2-thread-1] INFO : analisi item: 47456 per store: tspio
2025-07-23 16:36:35,993 [pool-2-thread-3] INFO : analisi item: 2614 per store: andeekey
2025-07-23 16:36:37,655 [pool-2-thread-3] INFO : Thread pool-2-thread-3 → componente 6/58
2025-07-23 16:36:40,981 [pool-2-thread-1] INFO : analisi item: 47456 per store: andeekey
2025-07-23 16:36:42,651 [pool-2-thread-3] INFO : analisi item: 92338 per store: tspio
2025-07-23 16:36:43,060 [pool-2-thread-1] INFO : Thread pool-2-thread-1 → componente 7/58
2025-07-23 16:36:47,384 [pool-2-thread-2] WARN : ⚠️ Nessun articolo trovato nello store andeekey per item 30340
2025-07-23 16:36:47,519 [pool-2-thread-2] INFO : Thread pool-2-thread-2 → componente 8/58
2025-07-23 16:36:54,116 [pool-2-thread-1] INFO : analisi item: 98141 per store: tspio
2025-07-23 16:36:59,190 [pool-2-thread-2] INFO : analisi item: 87747 per store: tspio
2025-07-23 16:37:02,047 [pool-2-thread-3] WARN : ⚠️ Nessun articolo trovato nello store tspio per item 92338
2025-07-23 16:37:03,052 [pool-2-thread-1] INFO : analisi item: 98141 per store: andeekey
2025-07-23 16:37:05,017 [pool-2-thread-1] INFO : Thread pool-2-thread-1 → componente 9/58
2025-07-23 16:37:07,351 [pool-2-thread-2] INFO : analisi item: 87747 per store: andeekey
2025-07-23 16:37:07,878 [pool-2-thread-3] INFO : analisi item: 92338 per store: andeekey
2025-07-23 16:37:09,616 [pool-2-thread-2] INFO : Thread pool-2-thread-2 → componente 10/58
2025-07-23 16:37:09,727 [pool-2-thread-3] INFO : Thread pool-2-thread-3 → componente 11/58
2025-07-23 16:37:13,944 [pool-2-thread-1] INFO : analisi item: 24588 per store: tspio
2025-07-23 16:37:16,029 [pool-2-thread-2] INFO : analisi item: 90391pb03 per store: tspio
2025-07-23 16:37:21,896 [pool-2-thread-3] INFO : analisi item: 18962 per store: tspio
2025-07-23 16:37:22,005 [pool-2-thread-1] INFO : analisi item: 24588 per store: andeekey
2025-07-23 16:37:28,376 [pool-2-thread-3] INFO : analisi item: 18962 per store: andeekey
2025-07-23 16:37:29,894 [pool-2-thread-3] INFO : Thread pool-2-thread-3 → componente 12/58
2025-07-23 16:37:34,676 [pool-2-thread-2] WARN : ⚠️ Nessun articolo trovato nello store tspio per item 90391pb03
2025-07-23 16:37:35,706 [pool-2-thread-2] INFO : analisi item: 90391pb03 per store: andeekey
2025-07-23 16:37:37,106 [pool-2-thread-2] WARN : ❌ Errore articolo #1: For input string: "2,400.00"
2025-07-23 16:37:37,351 [pool-2-thread-2] WARN : ❌ Errore articolo #1: For input string: "3,950.00"
2025-07-23 16:37:37,481 [pool-2-thread-2] INFO : Thread pool-2-thread-2 → componente 13/58
2025-07-23 16:37:38,477 [pool-2-thread-1] WARN : ⚠️ Nessun articolo trovato nello store andeekey per item 24588
2025-07-23 16:37:38,618 [pool-2-thread-1] INFO : Thread pool-2-thread-1 → componente 14/58
2025-07-23 16:37:41,416 [pool-2-thread-3] INFO : analisi item: 23986 per store: tspio
2025-07-23 16:37:43,552 [pool-2-thread-1] INFO : analisi item: 50305 per store: tspio
2025-07-23 16:37:46,393 [pool-2-thread-2] INFO : analisi item: 3062 per store: tspio
2025-07-23 16:37:48,581 [pool-2-thread-1] INFO : analisi item: 50305 per store: andeekey
2025-07-23 16:37:50,719 [pool-2-thread-1] INFO : Thread pool-2-thread-1 → componente 15/58
2025-07-23 16:37:51,499 [pool-2-thread-3] INFO : analisi item: 23986 per store: andeekey
2025-07-23 16:37:53,626 [pool-2-thread-3] INFO : Thread pool-2-thread-3 → componente 16/58
2025-07-23 16:37:56,207 [pool-2-thread-3] INFO : analisi item: 60470b per store: tspio
2025-07-23 16:37:59,054 [pool-2-thread-1] INFO : analisi item: 50304 per store: tspio
2025-07-23 16:38:03,183 [pool-2-thread-3] INFO : analisi item: 60470b per store: andeekey
2025-07-23 16:38:04,763 [pool-2-thread-3] INFO : Thread pool-2-thread-3 → componente 17/58
2025-07-23 16:38:05,398 [pool-2-thread-2] WARN : ⚠️ Nessun articolo trovato nello store tspio per item 3062
2025-07-23 16:38:08,729 [pool-2-thread-1] INFO : analisi item: 50304 per store: andeekey
2025-07-23 16:38:10,429 [pool-2-thread-1] INFO : Thread pool-2-thread-1 → componente 18/58
2025-07-23 16:38:11,135 [pool-2-thread-2] INFO : analisi item: 3062 per store: andeekey
2025-07-23 16:38:13,052 [pool-2-thread-2] INFO : Thread pool-2-thread-2 → componente 19/58
2025-07-23 16:38:17,787 [pool-2-thread-1] INFO : analisi item: 11212 per store: tspio
2025-07-23 16:38:18,979 [pool-2-thread-3] INFO : analisi item: 64644 per store: tspio
2025-07-23 16:38:22,310 [pool-2-thread-2] INFO : analisi item: 16577 per store: tspio
2025-07-23 16:38:25,122 [pool-2-thread-1] INFO : analisi item: 11212 per store: andeekey
2025-07-23 16:38:26,980 [pool-2-thread-1] INFO : Thread pool-2-thread-1 → componente 20/58
2025-07-23 16:38:27,023 [pool-2-thread-3] INFO : analisi item: 64644 per store: andeekey
2025-07-23 16:38:28,978 [pool-2-thread-3] INFO : Thread pool-2-thread-3 → componente 21/58
2025-07-23 16:38:32,912 [pool-2-thread-2] INFO : analisi item: 16577 per store: andeekey
2025-07-23 16:38:34,034 [pool-2-thread-3] INFO : analisi item: 23950 per store: tspio
2025-07-23 16:38:34,570 [pool-2-thread-2] INFO : Thread pool-2-thread-2 → componente 22/58
2025-07-23 16:38:39,295 [pool-2-thread-3] INFO : analisi item: 23950 per store: andeekey
2025-07-23 16:38:40,870 [pool-2-thread-1] INFO : analisi item: 30104 per store: tspio
2025-07-23 16:38:40,938 [pool-2-thread-3] INFO : Thread pool-2-thread-3 → componente 23/58
2025-07-23 16:38:42,186 [pool-2-thread-2] INFO : analisi item: 93059 per store: tspio
2025-07-23 16:38:48,896 [pool-2-thread-2] INFO : analisi item: 93059 per store: andeekey
2025-07-23 16:38:50,548 [pool-2-thread-3] INFO : analisi item: 4070 per store: tspio
2025-07-23 16:38:51,050 [pool-2-thread-2] INFO : Thread pool-2-thread-2 → componente 24/58
2025-07-23 16:38:57,605 [pool-2-thread-2] INFO : analisi item: 3068 per store: tspio
2025-07-23 16:39:00,265 [pool-2-thread-1] WARN : ⚠️ Nessun articolo trovato nello store tspio per item 30104
2025-07-23 16:39:04,862 [pool-2-thread-1] INFO : analisi item: 30104 per store: andeekey
2025-07-23 16:39:05,021 [pool-2-thread-2] INFO : analisi item: 3068 per store: andeekey
2025-07-23 16:39:06,776 [pool-2-thread-1] INFO : Thread pool-2-thread-1 → componente 25/58
2025-07-23 16:39:08,146 [pool-2-thread-1] INFO : analisi item: 6005 per store: tspio
2025-07-23 16:39:08,475 [pool-2-thread-2] INFO : Thread pool-2-thread-2 → componente 26/58
2025-07-23 16:39:09,298 [pool-2-thread-3] WARN : ⚠️ Nessun articolo trovato nello store tspio per item 4070
2025-07-23 16:39:12,907 [pool-2-thread-2] INFO : analisi item: 43719 per store: tspio
2025-07-23 16:39:14,192 [pool-2-thread-3] INFO : analisi item: 4070 per store: andeekey
2025-07-23 16:39:16,252 [pool-2-thread-3] INFO : Thread pool-2-thread-3 → componente 27/58
2025-07-23 16:39:19,052 [pool-2-thread-2] INFO : analisi item: 43719 per store: andeekey
2025-07-23 16:39:21,116 [pool-2-thread-2] INFO : Thread pool-2-thread-2 → componente 28/58
2025-07-23 16:39:23,446 [pool-2-thread-3] INFO : analisi item: 4589b per store: tspio
2025-07-23 16:39:26,215 [pool-2-thread-1] WARN : ⚠️ Nessun articolo trovato nello store tspio per item 6005
2025-07-23 16:39:29,073 [pool-2-thread-3] INFO : analisi item: 4589b per store: andeekey
2025-07-23 16:39:30,803 [pool-2-thread-3] INFO : Thread pool-2-thread-3 → componente 29/58
2025-07-23 16:39:31,172 [pool-2-thread-2] INFO : analisi item: 15068 per store: tspio
2025-07-23 16:39:31,926 [pool-2-thread-1] INFO : analisi item: 6005 per store: andeekey
2025-07-23 16:39:33,664 [pool-2-thread-1] INFO : Thread pool-2-thread-1 → componente 30/58
2025-07-23 16:39:38,638 [pool-2-thread-2] INFO : analisi item: 15068 per store: andeekey
2025-07-23 16:39:40,170 [pool-2-thread-2] INFO : Thread pool-2-thread-2 → componente 31/58
2025-07-23 16:39:41,427 [pool-2-thread-3] INFO : analisi item: 6060 per store: tspio
2025-07-23 16:39:43,098 [pool-2-thread-1] INFO : analisi item: 47458 per store: tspio
2025-07-23 16:39:47,373 [pool-2-thread-2] INFO : analisi item: 33085 per store: tspio
2025-07-23 16:39:49,249 [pool-2-thread-3] INFO : analisi item: 6060 per store: andeekey
2025-07-23 16:39:51,057 [pool-2-thread-3] INFO : Thread pool-2-thread-3 → componente 32/58
2025-07-23 16:39:52,309 [pool-2-thread-1] INFO : analisi item: 47458 per store: andeekey
2025-07-23 16:39:53,723 [pool-2-thread-2] INFO : analisi item: 33085 per store: andeekey
2025-07-23 16:39:54,287 [pool-2-thread-1] INFO : Thread pool-2-thread-1 → componente 33/58
2025-07-23 16:39:58,806 [pool-2-thread-3] INFO : analisi item: 30099 per store: tspio
2025-07-23 16:39:59,269 [pool-2-thread-1] INFO : analisi item: 93061 per store: tspio
2025-07-23 16:40:02,113 [pool-2-thread-2] INFO : Thread pool-2-thread-2 → componente 34/58
2025-07-23 16:40:11,990 [pool-2-thread-2] INFO : analisi item: 4085d per store: tspio
2025-07-23 16:42:07,871 [pool-2-thread-1] INFO : analisi item: 93061 per store: andeekey
2025-07-23 16:42:09,206 [pool-2-thread-3] INFO : analisi item: 30099 per store: andeekey
2025-07-23 16:42:16,973 [pool-2-thread-3] INFO : Thread pool-2-thread-3 → componente 35/58
2025-07-23 16:42:20,240 [pool-2-thread-2] INFO : analisi item: 4085d per store: andeekey
2025-07-23 16:42:21,925 [pool-2-thread-2] INFO : Thread pool-2-thread-2 → componente 36/58
2025-07-23 16:42:27,507 [pool-2-thread-2] INFO : analisi item: 87609 per store: tspio
2025-07-23 16:42:29,672 [pool-2-thread-1] WARN : ⚠️ Nessun articolo trovato nello store andeekey per item 93061
2025-07-23 16:42:29,913 [pool-2-thread-1] INFO : Thread pool-2-thread-1 → componente 37/58
2025-07-23 16:42:30,074 [pool-2-thread-3] INFO : analisi item: 63864 per store: tspio
2025-07-23 16:42:38,387 [pool-2-thread-1] INFO : analisi item: 62113 per store: tspio
2025-07-23 16:42:43,052 [pool-2-thread-1] INFO : analisi item: 62113 per store: andeekey
2025-07-23 16:42:44,956 [pool-2-thread-1] INFO : Thread pool-2-thread-1 → componente 38/58
2025-07-23 16:42:46,999 [pool-2-thread-2] WARN : ⚠️ Nessun articolo trovato nello store tspio per item 87609
2025-07-23 16:42:48,541 [pool-2-thread-1] INFO : analisi item: 15571 per store: tspio
2025-07-23 16:42:49,165 [pool-2-thread-3] WARN : ⚠️ Nessun articolo trovato nello store tspio per item 63864
2025-07-23 16:42:50,346 [pool-2-thread-3] INFO : analisi item: 63864 per store: andeekey
2025-07-23 16:42:50,916 [pool-2-thread-2] INFO : analisi item: 87609 per store: andeekey
2025-07-23 16:42:52,066 [pool-2-thread-3] INFO : Thread pool-2-thread-3 → componente 39/58
2025-07-23 16:42:53,087 [pool-2-thread-2] INFO : Thread pool-2-thread-2 → componente 40/58
2025-07-23 16:42:54,665 [pool-2-thread-3] INFO : analisi item: 63864 per store: tspio
2025-07-23 16:42:56,676 [pool-2-thread-1] INFO : analisi item: 15571 per store: andeekey
2025-07-23 16:42:58,294 [pool-2-thread-1] INFO : Thread pool-2-thread-1 → componente 41/58
2025-07-23 16:42:59,684 [pool-2-thread-2] INFO : analisi item: 93609 per store: tspio
2025-07-23 16:43:06,313 [pool-2-thread-1] INFO : analisi item: 13564 per store: tspio
2025-07-23 16:43:06,973 [pool-2-thread-2] INFO : analisi item: 93609 per store: andeekey
2025-07-23 16:43:08,930 [pool-2-thread-2] INFO : Thread pool-2-thread-2 → componente 42/58
2025-07-23 16:43:13,443 [pool-2-thread-3] WARN : ⚠️ Nessun articolo trovato nello store tspio per item 63864
2025-07-23 16:43:16,970 [pool-2-thread-2] INFO : analisi item: 19119 per store: tspio
2025-07-23 16:43:19,528 [pool-2-thread-3] INFO : analisi item: 63864 per store: andeekey
2025-07-23 16:43:21,613 [pool-2-thread-3] INFO : Thread pool-2-thread-3 → componente 43/58
2025-07-23 16:43:25,298 [pool-2-thread-1] WARN : ⚠️ Nessun articolo trovato nello store tspio per item 13564
2025-07-23 16:43:27,738 [pool-2-thread-1] INFO : analisi item: 13564 per store: andeekey
2025-07-23 16:43:28,316 [pool-2-thread-2] INFO : analisi item: 19119 per store: andeekey
2025-07-23 16:43:28,708 [pool-2-thread-3] INFO : analisi item: 15210 per store: tspio
2025-07-23 16:43:29,696 [pool-2-thread-1] INFO : Thread pool-2-thread-1 → componente 44/58
2025-07-23 16:43:30,505 [pool-2-thread-2] INFO : Thread pool-2-thread-2 → componente 45/58
2025-07-23 16:43:37,835 [pool-2-thread-1] INFO : analisi item: 87580 per store: tspio
2025-07-23 16:43:38,314 [pool-2-thread-2] INFO : analisi item: 3626 per store: tspio
2025-07-23 16:43:45,699 [pool-2-thread-1] INFO : analisi item: 87580 per store: andeekey
2025-07-23 16:43:48,402 [pool-2-thread-3] WARN : ⚠️ Nessun articolo trovato nello store tspio per item 15210
2025-07-23 16:43:49,338 [pool-2-thread-1] INFO : Thread pool-2-thread-1 → componente 46/58
2025-07-23 16:43:50,905 [pool-2-thread-3] INFO : analisi item: 15210 per store: andeekey
2025-07-23 16:43:53,457 [pool-2-thread-3] INFO : Thread pool-2-thread-3 → componente 47/58
2025-07-23 16:43:56,461 [pool-2-thread-1] INFO : analisi item: 51739 per store: tspio
2025-07-23 16:43:59,853 [pool-2-thread-2] WARN : ⚠️ Nessun articolo trovato nello store tspio per item 3626
2025-07-23 16:44:05,219 [pool-2-thread-1] INFO : analisi item: 51739 per store: andeekey
2025-07-23 16:44:05,555 [pool-2-thread-2] INFO : analisi item: 3626 per store: andeekey
2025-07-23 16:44:06,195 [pool-2-thread-3] INFO : analisi item: 60478 per store: tspio
2025-07-23 16:44:07,134 [pool-2-thread-1] INFO : Thread pool-2-thread-1 → componente 48/58
2025-07-23 16:44:15,329 [pool-2-thread-1] INFO : analisi item: 2339 per store: tspio
2025-07-23 16:44:16,615 [pool-2-thread-3] INFO : analisi item: 60478 per store: andeekey
2025-07-23 16:44:18,669 [pool-2-thread-3] INFO : Thread pool-2-thread-3 → componente 49/58
2025-07-23 16:44:21,552 [pool-2-thread-2] WARN : ⚠️ Nessun articolo trovato nello store andeekey per item 3626
2025-07-23 16:44:21,605 [pool-2-thread-1] INFO : analisi item: 2339 per store: andeekey
2025-07-23 16:44:21,723 [pool-2-thread-2] INFO : Thread pool-2-thread-2 → componente 50/58
2025-07-23 16:44:23,719 [pool-2-thread-1] INFO : Thread pool-2-thread-1 → componente 51/58
2025-07-23 16:44:26,824 [pool-2-thread-3] INFO : analisi item: 30126 per store: tspio
2025-07-23 16:44:26,856 [pool-2-thread-2] INFO : analisi item: 20482 per store: tspio
2025-07-23 16:44:31,882 [pool-2-thread-1] INFO : analisi item: 11215 per store: tspio
2025-07-23 16:44:38,227 [pool-2-thread-1] INFO : analisi item: 11215 per store: andeekey
2025-07-23 16:44:38,656 [pool-2-thread-3] INFO : analisi item: 30126 per store: andeekey
2025-07-23 16:44:39,190 [pool-2-thread-2] INFO : analisi item: 20482 per store: andeekey
2025-07-23 16:44:40,346 [pool-2-thread-1] INFO : Thread pool-2-thread-1 → componente 52/58
2025-07-23 16:44:40,670 [pool-2-thread-3] INFO : Thread pool-2-thread-3 → componente 53/58
2025-07-23 16:44:41,206 [pool-2-thread-2] INFO : Thread pool-2-thread-2 → componente 54/58
2025-07-23 16:44:45,080 [pool-2-thread-2] INFO : analisi item: 15470 per store: tspio
2025-07-23 16:44:50,228 [pool-2-thread-3] INFO : analisi item: 15571 per store: tspio
2025-07-23 16:44:52,693 [pool-2-thread-1] INFO : analisi item: 3633 per store: tspio
2025-07-23 16:44:53,332 [pool-2-thread-2] INFO : analisi item: 15470 per store: andeekey
2025-07-23 16:44:55,471 [pool-2-thread-2] INFO : Thread pool-2-thread-2 → componente 55/58
2025-07-23 16:44:59,712 [pool-2-thread-3] INFO : analisi item: 15571 per store: andeekey
2025-07-23 16:45:01,336 [pool-2-thread-3] INFO : Thread pool-2-thread-3 → componente 56/58
2025-07-23 16:45:03,287 [pool-2-thread-1] INFO : analisi item: 3633 per store: andeekey
2025-07-23 16:45:04,296 [pool-2-thread-3] INFO : analisi item: 6636 per store: tspio
2025-07-23 16:45:05,183 [pool-2-thread-1] INFO : Thread pool-2-thread-1 → componente 57/58
2025-07-23 16:45:05,433 [pool-2-thread-2] INFO : analisi item: 3626 per store: tspio
2025-07-23 16:45:12,667 [pool-2-thread-1] INFO : analisi item: 60476 per store: tspio
2025-07-23 16:45:21,155 [pool-2-thread-1] INFO : analisi item: 60476 per store: andeekey
2025-07-23 16:45:23,519 [pool-2-thread-3] WARN : ⚠️ Nessun articolo trovato nello store tspio per item 6636
2025-07-23 16:45:23,993 [pool-2-thread-2] WARN : ⚠️ Nessun articolo trovato nello store tspio per item 3626
2025-07-23 16:45:24,096 [pool-2-thread-3] INFO : analisi item: 6636 per store: andeekey
2025-07-23 16:45:24,603 [pool-2-thread-1] INFO : Thread pool-2-thread-1 → componente 58/58
2025-07-23 16:45:25,330 [pool-2-thread-2] INFO : analisi item: 3626 per store: andeekey
2025-07-23 16:45:29,264 [pool-2-thread-1] INFO : analisi item: 87087 per store: tspio
2025-07-23 16:45:34,259 [pool-2-thread-1] INFO : analisi item: 87087 per store: andeekey
2025-07-23 16:45:50,383 [pool-2-thread-1] WARN : ⚠️ Nessun articolo trovato nello store andeekey per item 87087
2025-07-23 16:45:50,541 [AWT-EventQueue-0] INFO : creazione file csv
2025-07-23 16:45:50,562 [AWT-EventQueue-0] INFO : File Csv creato correttamente
2025-07-23 17:10:21,356 [AWT-EventQueue-0] INFO : check before start elab
2025-07-23 17:10:21,356 [AWT-EventQueue-0] INFO : Selezione File: OK
2025-07-23 17:10:21,357 [AWT-EventQueue-0] INFO : Controllo estensione: OK
2025-07-23 17:10:21,357 [AWT-EventQueue-0] INFO : Inizio elaborazione
2025-07-23 17:10:21,370 [AWT-EventQueue-0] INFO : creazione file csv
2025-07-23 17:12:51,883 [AWT-EventQueue-0] INFO : check before start elab
2025-07-23 17:12:51,885 [AWT-EventQueue-0] INFO : Selezione File: OK
2025-07-23 17:12:51,885 [AWT-EventQueue-0] INFO : Controllo estensione: OK
2025-07-23 17:12:51,885 [AWT-EventQueue-0] INFO : Inizio elaborazione
2025-07-23 17:13:05,157 [AWT-EventQueue-0] INFO : creazione file csv
2025-07-23 17:14:10,699 [AWT-EventQueue-0] INFO : check before start elab
2025-07-23 17:14:10,701 [AWT-EventQueue-0] INFO : Selezione File: OK
2025-07-23 17:14:10,701 [AWT-EventQueue-0] INFO : Controllo estensione: OK
2025-07-23 17:14:10,702 [AWT-EventQueue-0] INFO : Inizio elaborazione
2025-07-23 17:14:10,720 [AWT-EventQueue-0] INFO : creazione file csv
2025-07-23 17:14:10,739 [AWT-EventQueue-0] INFO : File Csv creato correttamente
2025-07-23 17:19:21,938 [AWT-EventQueue-0] INFO : check before start elab
2025-07-23 17:19:21,940 [AWT-EventQueue-0] INFO : Selezione File: OK
2025-07-23 17:19:21,940 [AWT-EventQueue-0] INFO : Controllo estensione: OK
2025-07-23 17:19:21,941 [AWT-EventQueue-0] INFO : Inizio elaborazione
2025-07-23 17:19:21,976 [AWT-EventQueue-0] INFO : creazione file csv
2025-07-23 17:19:21,983 [AWT-EventQueue-0] INFO : File Csv creato correttamente
2025-07-23 17:19:42,433 [AWT-EventQueue-0] INFO : check before start elab
2025-07-23 17:19:42,434 [AWT-EventQueue-0] INFO : Selezione File: OK
2025-07-23 17:19:42,434 [AWT-EventQueue-0] INFO : Controllo estensione: OK
2025-07-23 17:19:42,434 [AWT-EventQueue-0] INFO : Inizio elaborazione
2025-07-23 17:19:42,445 [AWT-EventQueue-0] INFO : creazione file csv
2025-07-23 17:19:42,447 [AWT-EventQueue-0] INFO : File Csv creato correttamente
2025-07-23 17:20:28,750 [AWT-EventQueue-0] INFO : check before start elab
2025-07-23 17:20:28,751 [AWT-EventQueue-0] INFO : Selezione File: OK
2025-07-23 17:20:28,751 [AWT-EventQueue-0] INFO : Controllo estensione: OK
2025-07-23 17:20:28,751 [AWT-EventQueue-0] INFO : Inizio elaborazione
2025-07-23 17:20:28,781 [AWT-EventQueue-0] INFO : creazione file csv
2025-07-23 17:20:28,782 [AWT-EventQueue-0] INFO : File Csv creato correttamente
2026-09-18 11:27:10,155 [AWT-EventQueue-0] INFO : check before start elab
2026-09-18 11:27:10,159 [AWT-EventQueue-0] INFO : Selezione File: OK
2026-09-18 11:27:10,160 [AWT-EventQueue-0] INFO : Controllo estensione: OK
2026-09-18 11:27:10,160 [AWT-EventQueue-0] INFO : Inizio elaborazione
2026-09-18 11:27:10,279 [AWT-EventQueue-0] INFO : Caricamento XML Wanted List
2026-09-18 11:27:10,326 [AWT-EventQueue-0] INFO : Caricamento dati da BL
2026-09-18 11:27:10,326 [AWT-EventQueue-0] INFO : Avvio parsing multi-thread con 3 thread
2026-09-18 11:27:10,326 [pool-3-thread-1] INFO : Thread pool-3-thread-1 → componente 1/8
2026-09-18 11:27:10,326 [pool-3-thread-2] INFO : Thread pool-3-thread-2 → componente 2/8
2026-09-18 11:27:10,337 [pool-3-thread-3] INFO : Thread pool-3-thread-3 → componente 3/8
2026-09-18 11:27:24,963 [pool-3-thread-1] INFO : analisi item: 6190 per store: tspio
2026-09-18 11:27:25,420 [pool-3-thread-2] INFO : analisi item: 32828 per store: tspio
2026-09-18 11:27:29,686 [pool-3-thread-3] INFO : analisi item: 48729b per store: tspio
2026-09-18 11:27:31,572 [pool-3-thread-1] INFO : analisi item: 6190 per store: andeekey
2026-09-18 11:27:34,863 [pool-3-thread-2] INFO : analisi item: 32828 per store: andeekey
2026-09-18 11:27:35,073 [pool-3-thread-1] INFO : Thread pool-3-thread-1 → componente 4/8
2026-09-18 11:27:36,496 [pool-3-thread-2] INFO : Thread pool-3-thread-2 → componente 5/8
2026-09-18 11:27:39,041 [pool-3-thread-3] INFO : analisi item: 48729b per store: andeekey
2026-09-18 11:27:40,816 [pool-3-thread-3] INFO : Thread pool-3-thread-3 → componente 6/8
2026-09-18 11:27:46,680 [pool-3-thread-2] INFO : analisi item: 63965 per store: tspio
2026-09-18 11:27:48,868 [pool-3-thread-1] INFO : analisi item: 30374 per store: tspio
2026-09-18 11:27:53,505 [pool-3-thread-3] INFO : analisi item: 23443 per store: tspio
2026-09-18 11:28:03,390 [pool-3-thread-2] WARN : ⚠️ Nessun articolo trovato nello store tspio per item 63965
2026-09-18 11:28:03,654 [pool-3-thread-2] INFO : analisi item: 63965 per store: andeekey
2026-09-18 11:28:04,872 [pool-3-thread-1] WARN : ⚠️ Nessun articolo trovato nello store tspio per item 30374
2026-09-18 11:28:08,906 [pool-3-thread-2] INFO : Thread pool-3-thread-2 → componente 7/8
2026-09-18 11:28:09,746 [pool-3-thread-1] INFO : analisi item: 30374 per store: andeekey
2026-09-18 11:28:09,769 [pool-3-thread-3] WARN : ⚠️ Nessun articolo trovato nello store tspio per item 23443
2026-09-18 11:28:13,090 [pool-3-thread-1] INFO : Thread pool-3-thread-1 → componente 8/8
2026-09-18 11:28:13,763 [pool-3-thread-3] INFO : analisi item: 23443 per store: andeekey
2026-09-18 11:28:16,409 [pool-3-thread-2] INFO : analisi item: 73825 per store: tspio
2026-09-18 11:28:19,811 [pool-3-thread-1] INFO : analisi item: 99780 per store: tspio
2026-09-18 11:28:27,921 [pool-3-thread-1] INFO : analisi item: 99780 per store: andeekey
2026-09-18 11:28:32,750 [pool-3-thread-2] WARN : ⚠️ Nessun articolo trovato nello store tspio per item 73825
2026-09-18 11:28:37,117 [pool-3-thread-2] INFO : analisi item: 73825 per store: andeekey
2026-09-18 11:28:38,857 [AWT-EventQueue-0] INFO : creazione file csv
2026-09-18 11:28:38,886 [AWT-EventQueue-0] INFO : File Csv creato correttamente
2026-09-18 11:45:06,966 [AWT-EventQueue-0] INFO : check before start elab
2026-09-18 11:45:06,970 [AWT-EventQueue-0] INFO : Selezione File: OK
2026-09-18 11:45:06,971 [AWT-EventQueue-0] INFO : Controllo estensione: OK
2026-09-18 11:45:06,971 [AWT-EventQueue-0] INFO : Inizio elaborazione
2026-09-18 11:45:06,997 [AWT-EventQueue-0] INFO : Caricamento XML Wanted List
2026-09-18 11:45:07,012 [AWT-EventQueue-0] INFO : Caricamento dati da BL
2026-09-18 11:45:07,012 [AWT-EventQueue-0] INFO : Avvio parsing multi-thread con 3 thread
2026-09-18 11:45:49,915 [AWT-EventQueue-0] INFO : check before start elab
2026-09-18 11:45:49,919 [AWT-EventQueue-0] INFO : Selezione File: OK
2026-09-18 11:45:49,919 [AWT-EventQueue-0] INFO : Controllo estensione: OK
2026-09-18 11:45:49,919 [AWT-EventQueue-0] INFO : Inizio elaborazione
2026-09-18 11:45:49,936 [AWT-EventQueue-0] INFO : Caricamento XML Wanted List
2026-09-18 11:45:49,944 [AWT-EventQueue-0] INFO : Caricamento dati da BL
2026-09-18 11:45:49,944 [AWT-EventQueue-0] INFO : Avvio parsing multi-thread con 3 thread
2026-09-18 11:45:49,948 [pool-2-thread-2] INFO : Thread pool-2-thread-2 → componente 2/3
2026-09-18 11:45:49,950 [pool-2-thread-3] INFO : Thread pool-2-thread-3 → componente 3/3
2026-09-18 11:45:49,948 [pool-2-thread-1] INFO : Thread pool-2-thread-1 → componente 1/3
2026-09-18 11:45:56,083 [pool-2-thread-1] INFO : analisi item: 22886 per store: tspio
2026-09-18 11:45:56,752 [pool-2-thread-3] INFO : analisi item: 32803 per store: tspio
2026-09-18 11:45:59,124 [pool-2-thread-2] INFO : analisi item: 3001 per store: tspio
2026-09-18 11:46:03,458 [pool-2-thread-1] INFO : analisi item: 22886 per store: andeekey
2026-09-18 11:46:09,675 [pool-2-thread-2] INFO : analisi item: 3001 per store: andeekey
2026-09-18 11:46:12,341 [pool-2-thread-3] WARN : ⚠️ Nessun articolo trovato nello store tspio per item 32803
2026-09-18 11:46:14,845 [pool-2-thread-3] INFO : analisi item: 32803 per store: andeekey
2026-09-18 11:46:19,553 [pool-2-thread-1] WARN : ⚠️ Nessun articolo trovato nello store andeekey per item 22886
2026-09-18 11:46:19,782 [AWT-EventQueue-0] INFO : creazione file csv
2026-09-18 11:46:19,788 [AWT-EventQueue-0] INFO : File Csv creato correttamente
